,streams (int),speechiness_%,instrumentalness_%,liveness_%,acousticness_%,energy_%,valence_%,danceability_%,bpm,in_spotify_charts,in_spotify_playlists,artist_count,artist(s)_name,mode
0,141381703.0,4,0,8,31,83,89,80,125,147,553,2,"['Latto', 'Jung Kook']",Major
1,133716286.0,4,0,10,7,74,61,71,92,48,1474,1,['Myke Towers'],Major
2,140003974.0,6,0,31,17,53,32,51,138,113,1397,1,['Olivia Rodrigo'],Major
3,800840817.0,15,0,11,11,72,58,55,170,100,7858,1,['Taylor Swift'],Major
4,303236322.0,6,63,11,14,80,23,65,144,50,3133,1,['Bad Bunny'],Minor
5,183706234.0,24,0,8,19,58,66,92,141,91,2186,2,"['Dave', 'Central Cee']",Major
6,725980112.0,3,0,8,48,76,83,67,148,50,3090,2,"['Eslabon Armado', 'Peso Pluma']",Minor
7,58149378.0,4,0,11,37,71,26,67,100,43,714,1,['Quevedo'],Major
8,95217315.0,9,0,28,12,62,22,85,130,83,1096,1,['Gunna'],Minor
9,553634067.0,33,0,8,21,48,56,81,170,44,2953,2,"['Peso Pluma', 'Yng Lvcas']",Minor
10,505671438.0,5,0,27,23,72,56,57,83,40,2876,2,"['Bad Bunny', 'Grupo Frontera']",Minor
11,58255150.0,7,0,15,18,82,52,78,150,55,422,1,['NewJeans'],Minor
12,1316855716.0,7,0,3,6,68,65,71,118,115,12211,1,['Miley Cyrus'],Major
13,387570742.0,3,0,9,83,43,32,51,130,98,3528,1,['David Kushner'],Minor
14,2513188493.0,6,0,31,34,73,66,52,174,130,23575,1,['Harry Styles'],Minor
15,1163093654.0,4,17,16,5,73,43,64,89,77,8109,1,['SZA'],Major
16,496795686.0,3,0,34,43,59,76,78,120,77,2942,1,['Fifty Fifty'],Minor
17,30546883.0,3,0,10,96,9,14,44,78,104,873,1,['Billie Eilish'],Major
18,335222234.0,16,0,12,14,66,67,86,100,40,2610,2,"['Feid', 'Young Miko']",Major
19,363369738.0,4,0,36,0,73,36,63,120,68,596,1,['Jimin'],Major
20,86444842.0,4,0,42,22,74,87,65,140,26,332,3,"['Gabito Ballesteros', 'Junior H', 'Peso Pluma']",Minor
21,52135248.0,3,0,6,6,76,82,69,123,38,516,1,['Taylor Swift'],Major
22,1297026226.0,3,2,11,12,42,44,48,135,110,12859,1,['Arctic Monkeys'],Minor
23,200647221.0,5,0,12,26,67,81,85,133,40,1313,2,"['Bizarrap', 'Peso Pluma']",Minor
24,115364561.0,20,0,36,7,68,83,85,99,87,1945,3,"['The Weeknd', 'Madonna', 'Playboi Carti']",Major
25,78300654.0,9,0,9,9,86,96,79,130,26,250,1,['Fuerza Regida'],Minor
26,899183384.0,4,0,14,43,80,82,80,107,77,7112,2,"['R��ma', 'Selena G']",Major
27,61245289.0,4,0,56,14,71,74,81,122,40,859,2,"['Tainy', 'Bad Bunny']",Minor
28,429829812.0,4,0,15,46,68,52,52,204,19,2420,1,['Morgan Wallen'],Major
29,127408954.0,5,0,33,2,85,78,67,110,101,2988,1,['Dua Lipa'],Minor
30,22581161.0,6,0,11,0,84,35,74,126,78,864,1,['Troye Sivan'],Minor
31,52294266.0,5,0,11,39,87,63,56,168,34,266,2,"['Peso Pluma', 'Grupo Frontera']",Major
32,843957510.0,5,0,8,36,61,17,71,98,88,6036,3,"['The Weeknd', '21 Savage', 'Metro Boomin']",Minor
33,999748277.0,5,0,19,12,63,51,64,97,56,9082,1,['Taylor Swift'],Major
34,618990393.0,28,0,9,67,63,61,72,180,49,4284,2,"['Karol G', 'Shakira']",Minor
35,123122413.0,4,0,11,11,68,63,81,120,31,1150,8,"['Big One', 'Duki', 'Lit Killah', 'Maria Becerra', 'FMK', 'Rusherking', 'Emilia', 'Tiago pzk']",Major
36,188933502.0,3,0,11,37,73,39,61,150,34,672,2,"['Yahritza Y Su Esencia', 'Grupo Frontera']",Major
37,1355959075.0,6,0,13,9,68,57,75,96,53,11434,1,['Taylor Swift'],Major
38,786181836.0,4,0,12,0,79,48,60,95,42,7830,1,['Taylor Swift'],Major
39,176553476.0,6,0,11,27,85,96,79,125,28,584,1,['Fuerza Regida'],Minor
40,354495408.0,6,0,10,23,65,84,56,144,25,692,2,"['Junior H', 'Peso Pluma']",Minor
41,2808096550.0,5,0,7,54,50,91,76,90,78,24094,2,"['Post Malone', 'Swae Lee']",Major
42,1109433169.0,4,0,35,4,97,38,56,128,80,12482,2,"['Bebe Rexha', 'David Guetta']",Minor
43,1047101291.0,10,0,11,37,56,58,56,79,64,13387,2,"['Tyler - The Creator', 'Kali Uchis']",Major
44,65156199.0,25,0,23,52,58,75,77,144,80,1117,3,"['Nicki Minaj', 'Aqua', 'Ice Spice']",Major
45,570515054.0,3,0,10,10,64,49,67,122,19,3372,1,['Miley Cyrus'],Major
46,1085685420.0,5,0,6,11,81,82,71,140,76,8431,1,['OneRepublic'],Major
47,1647990401.0,7,0,15,9,52,51,59,134,59,2483,1,['The Weeknd'],Minor
48,2565529693.0,28,0,13,16,59,49,68,186,79,29536,2,"['The Weeknd', 'Daft Punk']",Major
49,518745108.0,7,0,44,23,53,50,53,67,47,3408,2,"['Ariana Grande', 'The Weeknd']",Minor
50,107753850.0,5,0,10,7,64,17,72,106,38,1298,3,"['Feid', 'Myke Towers', 'Sky Rompiendo']",Minor
51,177740666.0,3,0,12,0,91,23,60,128,66,4277,3,"['David Guetta', 'Anne-Marie', 'Coi Leray']",Major
52,153372011.0,7,0,15,18,70,55,92,107,39,1133,1,['Karol G'],Minor
53,57876440.0,4,19,8,12,88,96,67,130,59,2259,1,['Peggy Gou'],Minor
54,1813673666.0,4,0,9,70,54,13,45,123,83,18371,1,['Tom Odell'],Minor
55,3703895074.0,7,0,9,0,80,38,50,171,69,43899,1,['The Weeknd'],Major
56,256483385.0,5,0,17,51,72,88,64,137,42,2649,1,['Kali Uchis'],Minor
57,1214083358.0,4,0,22,58,68,85,84,125,45,6804,1,['Manuel Turizo'],Minor
58,16011326.0,19,0,9,59,72,42,86,128,41,525,1,['Karol G'],Minor
59,812019557.0,4,0,27,55,58,53,61,130,29,7923,1,['Taylor Swift'],Minor
60,111947664.0,5,1,9,50,96,59,86,130,15,731,2,"['dennis', 'MC Kevin o Chris']",Major
61,156338624.0,5,0,25,25,81,86,70,133,41,5184,2,"['PinkPantheress', 'Ice Spice']",Major
62,720434240.0,3,0,9,62,59,72,88,101,39,3107,3,"['Charlie Puth', 'BTS', 'Jung Kook']",Major
63,357925728.0,14,0,17,74,64,53,77,95,50,4053,2,"['Rauw Alejandro', 'ROSAL�']",Minor
64,674072710.0,29,0,10,0,59,40,90,98,38,4637,2,"['Ozuna', 'Feid']",Minor
65,1755214421.0,3,0,23,0,66,28,43,173,43,31358,1,['Chris Molitor'],Major
66,404562836.0,7,0,48,7,62,10,64,90,23,3818,1,['Taylor Swift'],Major
67,373199958.0,7,0,10,55,42,71,59,198,56,3506,1,['Libianca'],Minor
68,14780425.0,4,0,35,0,73,48,56,140,36,410,1,['Post Malone'],Major
69,39578178.0,3,0,15,1,53,22,51,82,24,148,1,['Taylor Swift'],Major
70,54266102.0,5,0,43,17,89,84,77,130,35,1004,2,"['Rauw Alejandro', 'Bizarrap']",Minor
71,2557975762.0,9,0,9,44,53,53,76,81,63,22543,1,['Glass Animals'],Major
72,751134527.0,3,18,25,65,59,14,51,94,36,4511,1,['JVKE'],Minor
73,2282771485.0,3,2,10,5,81,41,61,124,61,16413,1,['The Neighbourhood'],Major
74,1356565093.0,4,3,23,1,78,55,62,128,45,8506,2,"['Bizarrap', 'Quevedo']",Major
75,1592909789.0,3,0,11,9,62,42,49,138,62,33898,1,['Coldplay'],Minor
76,635412045.0,3,0,12,50,48,27,58,132,23,3246,1,['d4vd'],Major
77,1230675890.0,9,0,27,1,47,24,71,131,42,8576,2,"['Sam Smith', 'Kim Petras']",Major
78,585695368.0,7,0,10,5,73,58,78,168,38,3618,2,"['Yandel', 'Feid']",Minor
79,43857627.0,6,0,30,33,79,40,68,98,20,370,1,['Maria Becerra'],Major
80,2009094673.0,4,0,15,43,73,50,48,102,55,31123,1,['Vance Joy'],Major
81,600976848.0,3,0,20,78,57,32,34,101,30,2790,2,"['Em Beihold', 'Stephen Sanchez']",Major
82,39709092.0,9,0,35,76,34,36,63,130,9,267,2,"['Mc Livinho', 'DJ Matt D']",Major
83,39228929.0,3,0,12,1,64,20,50,142,17,139,1,['Taylor Swift'],Major
84,2665343922.0,5,0,10,4,76,48,59,170,36,17050,2,"['Justin Bieber', 'The Kid Laroi']",Major
85,223633238.0,4,1,11,3,68,70,78,124,44,2114,2,"['Marshmello', 'Manuel Turizo']",Minor
86,2887241814.0,3,0,11,75,41,45,50,110,53,17836,1,['Lewis Capaldi'],Major
87,1440757818.0,8,0,9,9,71,43,91,92,43,8870,2,"['Chencho Corleone', 'Bad Bunny']",Minor
88,165484133.0,7,51,25,39,66,40,82,116,53,6060,1,['Jain'],Major
89,58054811.0,7,8,9,70,82,84,63,129,50,641,2,"['Ayparia', 'unxbected']",Major
90,157058870.0,3,0,12,19,60,67,71,98,12,1446,1,['Luke Combs'],Major
91,95131998.0,9,0,10,6,76,76,74,172,25,804,1,['Doechii'],Minor
92,250305248.0,4,0,10,4,76,14,68,150,38,1962,2,"['Bad Bunny', 'Eladio Carrion']",Major
93,685032533.0,4,0,6,11,53,19,62,136,23,4875,1,['Taylor Swift'],Minor
94,38411956.0,4,0,83,9,47,34,53,88,39,31,1,['Jung Kook'],Minor
95,144565150.0,33,0,10,15,44,69,83,143,23,2175,2,"['J. Cole', 'Lil Durk']",Major
96,127567540.0,3,9,11,71,35,17,49,100,46,2000,1,['Lana Del Rey'],Minor
97,399686758.0,13,0,11,14,55,39,56,143,25,2839,1,['SZA'],Major
98,983637508.0,3,0,12,7,66,24,56,112,52,20333,1,['Lana Del Rey'],Minor
99,118482347.0,3,0,38,3,59,57,62,93,47,674,1,['BTS'],Major
100,882831184.0,10,0,15,50,55,50,43,206,23,8448,1,['Taylor Swift'],Major
101,286400165.0,5,0,11,15,71,17,68,88,58,2110,3,"['Future', 'Metro Boomin', 'Don Toliver']",Minor
102,172825906.0,5,0,12,0,90,37,50,170,39,2528,1,['Post Malone'],Major
103,1241559043.0,28,0,13,21,67,24,62,84,61,12985,1,['Eminem'],Minor
104,29562220.0,5,0,12,51,72,53,81,134,35,77,1,['NewJeans'],Minor
105,77309611.0,6,0,10,61,40,50,54,158,27,266,1,['Carin Leon'],Major
106,1605224506.0,3,0,10,4,80,92,80,116,52,21097,3,"['Dua Lipa', 'Elton John', 'Pnau']",Major
107,1116995633.0,3,0,9,2,69,45,61,117,21,3423,1,['Ruth B.'],Major
108,838079900.0,5,0,7,2,72,65,77,114,44,4198,1,['Imagine Dragons'],Minor
109,1163620694.0,3,0,13,0,68,47,61,108,43,14739,1,['Adele'],Minor
110,1093605526.0,10,0,21,7,53,37,74,144,32,26792,2,"['Kendrick Lamar', 'Jay Rock']",Minor
111,179659294.0,3,0,11,76,44,18,51,130,6,213,1,['Anggi Marito'],Major
112,39058561.0,3,1,15,33,62,79,77,116,18,58,2,"['Jasiel Nu��ez', 'Peso P']",Major
113,36912123.0,4,0,17,0,78,49,65,121,15,99,1,['Taylor Swift'],Major
114,1205951614.0,6,0,11,36,81,54,64,112,25,41751,1,['Tears For Fears'],Major
115,1791000570.0,33,0,6,30,52,47,70,100,36,21164,1,['J. Cole'],Minor
116,201660859.0,8,0,12,24,78,30,55,150,59,2988,1,['Loreen'],Minor
117,248088961.0,17,0,34,18,71,96,84,120,38,893,2,"['Taiu', 'Milo j']",Minor
118,90839753.0,6,0,23,4,85,89,82,127,34,1094,3,"['Sebastian Yatra', 'Manuel Turizo', 'Be��']",Minor
119,607123776.0,3,0,9,53,61,42,51,90,22,7324,1,['Taylor Swift'],Major
120,55842345.0,4,0,15,33,63,79,75,128,11,201,2,"['Junior H', 'Peso Pluma']",Minor
121,211050784.0,4,4,8,4,87,31,64,143,48,5120,2,"['Calvin Harris', 'Ellie Goulding']",Major
122,342897938.0,4,0,26,3,68,68,74,139,27,2346,1,['Sabrina Carpenter'],Major
123,2762.0,4,0,11,19,64,78,49,162,26,763,2,"['Carin Leon', 'Grupo Frontera']",Major
124,330346424.0,3,0,7,31,60,39,81,92,24,457,1,['Peso Pluma'],Major
125,601863821.0,7,0,29,10,55,57,87,95,38,3430,1,['Feid'],Major
126,1953533826.0,8,0,10,3,93,88,63,146,52,6074,3,"['Ray Dalton', 'Ryan Lewis', 'Macklemore']",Major
127,2322580122.0,5,0,34,12,82,56,55,95,34,21915,1,['Harry Styles'],Major
128,2355719893.0,3,0,10,93,30,12,35,115,30,15032,2,"['Billie Eilish', 'Khalid']",Minor
129,66902503.0,5,0,26,10,65,59,78,128,32,871,2,"['Rauw Alejandro', 'Bizarrap']",Major
130,96273746.0,5,0,27,3,83,69,82,130,33,451,1,['(G)I-DLE'],Minor
131,430977451.0,4,0,11,36,77,74,80,127,27,1783,1,['NewJeans'],Minor
132,284819874.0,9,0,9,21,86,20,42,150,46,9389,1,['Lana Del Rey'],Major
133,721975598.0,5,0,9,27,63,50,78,122,44,5724,2,"['Shakira', 'Bizarrap']",Minor
134,1217120710.0,5,0,7,0,85,20,52,140,25,13985,1,['Arctic Monkeys'],Major
135,109276132.0,8,0,12,46,54,22,63,140,16,1051,4,"['Swae Lee', 'A Boogie Wit da Hoodie', 'Metro Boomin', 'NAV']",Major
136,276259178.0,34,0,18,18,53,48,75,119,46,1682,3,"['Travis Scott', 'Young Thug', 'Metro Boomin']",Minor
137,54225632.0,4,0,9,32,72,96,76,110,8,182,5,"['Sachin-Jigar', 'Shadab Faridi', 'Altamash Faridi', 'Amitabh Bhattacharya', 'Varun Jain']",Minor
138,2559529074.0,2,0,11,16,45,17,60,95,13,16596,1,['Ed Sheeran'],Major
139,681583126.0,3,1,32,45,55,20,56,132,23,2335,1,['d4vd'],Major
140,2594040133.0,11,0,23,4,78,74,77,125,23,18986,1,['Imagine Dragons'],Minor
141,81102253.0,6,0,13,67,50,65,84,124,7,283,4,"['Veigh', 'Bvga Beatz', 'Supernova Ent', 'Prod Malax']",Minor
142,11956641.0,25,0,12,42,65,68,93,133,8,293,2,"['Mc Pedrinho', 'DJ 900']",Minor
143,1687664027.0,9,0,36,0,66,67,92,112,43,21081,1,['Eminem'],Major
144,11599388.0,5,0,6,5,89,92,79,97,31,437,3,"['Sog', 'Ryan Castro', 'Peso Pluma']",Major
145,611700552.0,11,5,10,38,48,52,59,90,32,1275,2,"['The Weeknd', 'Lana Del Rey']",Minor
146,1133865788.0,4,0,53,8,69,27,65,80,38,6135,2,"['Bomba Est��reo', 'Bad B']",Minor
147,1089402494.0,3,0,8,6,59,33,45,172,16,20015,1,['Keane'],Major
148,411747614.0,3,0,31,73,35,24,60,120,14,1507,1,['New West'],Major
149,255932395.0,5,0,5,18,80,96,74,140,21,539,1,['Chino Pacas'],Minor
150,31873544.0,5,0,9,1,77,90,81,128,8,86,1,['Natanael Cano'],Minor
151,95053634.0,5,0,10,57,81,70,78,122,14,324,1,['Peso Pluma'],Major
152,1279434863.0,24,0,5,8,92,86,47,130,37,17138,2,"['Don Omar', 'Lucenzo']",Major
153,233801632.0,20,0,31,33,71,61,69,160,9,894,2,"['Ana Castela', 'AgroPlay']",Major
154,1481349984.0,5,0,28,6,70,87,73,144,9,1622,1,['Bruno Mars'],Major
155,142095275.0,6,0,28,11,52,85,50,192,14,561,3,"['Big One', 'FMK', 'Ke personajes']",Major
156,618885532.0,17,0,9,0,67,40,54,163,27,5871,2,"['Drake', '21 Savage']",Major
157,2011464183.0,4,0,12,6,71,48,66,122,43,29215,1,['OneRepublic'],Minor
158,1167330737.0,6,0,40,21,74,41,61,154,24,5866,1,['Justin Bieber'],Major
159,929964809.0,4,0,11,6,69,31,73,117,26,3859,1,['Chris Brown'],Minor
160,436027885.0,5,0,12,10,83,89,78,138,26,961,2,"['Natanael Cano', 'Peso Pluma']",Minor
161,657723613.0,6,0,8,33,80,74,86,96,18,6457,1,['Daddy Yankee'],Major
162,2713922350.0,5,0,36,1,63,36,77,104,24,43257,3,"['Drake', 'WizKid', 'Kyla']",Major
163,621660989.0,3,0,16,8,62,24,45,164,16,4564,1,['Taylor Swift'],Major
164,1591223784.0,3,0,50,2,82,61,68,118,13,12688,1,['The Weeknd'],Major
165,950906471.0,10,0,19,3,60,51,68,81,19,13801,1,['Miguel'],Minor
166,1593270737.0,3,0,7,54,45,73,82,117,19,22439,1,['The Police'],Major
167,1410088830.0,4,25,64,97,37,10,45,174,35,18515,1,['Lord Huron'],Major
168,1235005533.0,4,0,11,3,77,60,73,128,21,36843,2,"['Rihanna', 'Calvin Harris']",Major
169,1661187319.0,4,0,14,94,27,43,60,145,11,2420,1,['Bruno Mars'],Major
170,1374581173.0,3,0,14,73,55,51,65,150,19,5897,1,['Alec Benjamin'],Minor
171,94186466.0,4,0,21,4,53,13,60,90,16,727,3,"['A$AP Rocky', 'Metro Boomin', 'Roisee']",Minor
172,1788326445.0,3,0,22,17,53,42,55,85,26,33783,1,['Arctic Monkeys'],Major
173,1840364617.0,5,0,28,20,71,38,33,180,13,26694,1,['Imagine Dragons'],Major
174,143573775.0,9,0,37,11,94,84,57,166,16,356,1,['YOASOBI'],Major
175,684675814.0,22,0,16,16,50,40,71,160,17,6518,1,['The Weeknd'],Major
176,1113838873.0,16,0,41,5,80,95,65,160,13,21335,1,['Taylor Swift'],Major
177,1267333350.0,4,0,8,4,63,81,70,92,29,23389,1,['Arctic Monkeys'],Major
178,726307468.0,6,0,45,11,64,53,56,170,18,3202,1,['Rosa Linn'],Major
179,3562543890.0,8,0,9,58,65,93,83,96,10,32181,1,['Ed Sheeran'],Minor
180,1131090940.0,4,0,12,86,52,40,67,120,18,7124,1,['One Direction'],Major
181,307370144.0,8,0,9,6,54,37,70,98,14,592,2,"['Oscar Maydon', 'Junior H']",Major
182,1271293243.0,4,0,12,1,34,12,53,92,7,36724,1,['Radiohead'],Major
183,265882712.0,3,0,11,4,56,24,34,150,10,794,1,['James Arthur'],Major
184,841749534.0,3,46,11,2,47,17,37,94,17,13091,1,['Cigarettes After Sex'],Major
185,47956378.0,5,0,27,26,63,36,74,90,8,67,1,['Shubh'],Minor
186,806397070.0,11,0,42,67,55,54,54,160,30,21574,1,['Frank Ocean'],Major
187,2132335812.0,4,0,9,24,75,59,70,120,16,19664,1,['Post Malone'],Major
188,1641426668.0,5,0,9,1,85,46,63,109,13,21106,1,['Bruno Mars'],Major
189,2135158446.0,5,0,12,63,66,41,57,129,31,23804,1,['Hozier'],Minor
190,367316268.0,5,0,7,30,60,75,54,157,22,849,2,"['Fuerza Regida', 'Grupo Frontera']",Major
191,350381515.0,3,0,9,5,73,49,63,130,12,2619,1,['Taylor Swift'],Major
192,1264310836.0,25,0,13,10,72,19,65,107,42,9037,1,['Bad Bunny'],Minor
193,30343206.0,8,0,19,0,89,67,50,146,11,86,1,['Taylor Swift'],Minor
194,405136812.0,10,0,10,32,41,37,48,139,14,1788,1,['Hotel Ugly'],Minor
195,1145727611.0,3,0,13,7,70,76,74,116,14,15890,1,['Creedence Clearwater Revival'],Major
196,540654286.0,4,0,7,12,77,52,84,95,36,492,1,['Plan B'],Minor
197,57312735.0,7,0,37,15,80,55,62,170,33,773,4,"['Feid', 'Mora', 'Saiko', 'Quevedo']",Minor
198,397582059.0,11,0,10,3,64,18,81,134,22,1154,1,['NewJeans'],Minor
199,1479115056.0,5,0,9,2,90,86,57,84,17,44927,1,['a-ha'],Minor
200,86773632.0,6,0,12,21,48,20,61,146,4,551,4,"['Swae Lee', 'Lil Wayne', 'Offset', 'Metro Boomin']",Minor
201,133753727.0,28,0,10,11,67,24,53,74,14,577,5,"['Kodak Black', 'NLE Choppa', 'Muni Long', 'JVKE', 'Jimin']",Minor
202,123124076.0,12,0,10,84,48,35,75,144,29,955,1,['Shakira'],Major
203,463564958.0,10,0,27,15,73,79,77,136,19,995,3,"['Natanael Cano', 'Gabito Ballesteros', 'Peso Pluma']",Minor
204,64533040.0,4,0,12,53,55,53,56,100,6,178,3,"['Arijit Singh', 'Sachin-Jigar', 'Amitabha Bhattacharya']",Major
205,65496046.0,33,0,7,9,78,67,89,105,19,290,1,['Stray Kids'],Minor
206,68616963.0,4,0,30,15,78,24,67,106,0,547,1,['Taylor Swift'],Major
207,161460990.0,4,0,9,40,68,53,85,132,10,681,2,"['Becky G', 'Peso Pluma']",Major
208,70106975.0,5,0,13,21,30,5,78,120,5,332,2,"['Metro Boomin', 'Coi Leray']",Major
209,113509496.0,49,0,9,2,39,51,82,155,13,1197,2,"['Kaliii', 'Kaliii']",Major
210,89933133.0,3,0,11,78,43,42,70,129,5,262,2,"['Junior H', 'Eden Mu��']",Major
211,71007139.0,9,0,8,62,74,85,80,135,6,161,2,"['Abhijay Sharma', 'Riar Saab']",Minor
212,43522589.0,13,0,13,28,62,45,73,98,3,185,2,"['Semicenk', 'Do��u']",Minor
213,232896922.0,4,0,11,3,39,64,84,124,18,839,1,['JISOO'],Minor
214,37126685.0,15,0,22,18,55,28,77,135,0,259,3,"['Future', 'Lil Uzi Vert', 'Metro Boomin']",Minor
215,195576623.0,6,0,11,30,53,39,78,107,30,2915,1,['Ed Sheeran'],Major
216,532336353.0,11,0,9,14,74,25,54,96,25,5129,2,"['RAYE', '070 Shake']",Major
217,538115192.0,19,0,32,30,70,58,71,123,34,3794,2,"['Arcangel', 'Bad Bunny']",Major
218,46142772.0,6,0,58,6,62,7,62,90,0,588,2,"['Taylor Swift', 'Ice Spice']",Major
219,401036314.0,21,0,20,14,59,45,72,117,16,2959,3,"['Future', 'Chris Brown', 'Metro Boomin']",Minor
220,127026613.0,4,0,7,31,84,90,78,133,8,291,2,"['BLESSD', 'Peso Pluma']",Minor
221,345031710.0,6,0,35,11,83,61,74,96,36,2321,1,['Feid'],Minor
222,288101651.0,13,0,14,40,60,85,66,149,10,536,2,"['Fuerza Regida', 'Natanael Cano']",Major
223,60350538.0,3,0,11,81,40,32,66,110,2,359,2,"['Lana Del Rey', 'Taylor Swift']",Minor
224,335074782.0,16,0,5,3,52,62,95,105,6,4096,1,['Coi Leray'],Major
225,76767396.0,14,0,11,28,78,69,80,105,69,349,1,['ENHYPEN'],Major
226,46065667.0,3,0,16,6,58,61,76,134,5,381,2,"['Lil Durk', 'Morgan Wallen']",Major
227,459276435.0,12,0,27,4,56,59,71,170,36,2461,1,['Feid'],Minor
228,39666245.0,13,1,25,46,60,26,59,81,1,277,2,"['James Blake', 'Metro Boomin']",Major
229,138517666.0,5,0,91,31,92,75,63,154,5,967,2,"['Israel & Rodolffo', 'Mari Fernandez']",Major
230,822633917.0,4,0,38,63,51,69,69,169,12,8186,1,['Steve Lacy'],Major
231,595900742.0,14,0,7,4,69,64,78,115,10,7842,1,['Beyonc�'],Major
232,51985779.0,8,0,19,1,74,14,43,84,6,215,2,"['Halsey', 'Suga']",Minor
233,57945987.0,23,0,11,11,62,58,79,93,22,1134,2,"['Nicky Jam', 'Feid']",Major
234,115010040.0,15,0,10,10,62,47,82,91,34,1305,2,"['Sean Paul', 'Feid']",Major
235,175097833.0,7,0,33,6,44,54,82,142,6,2066,1,['Drake'],Minor
236,57089066.0,4,0,16,1,70,20,78,126,0,896,2,"['Kendrick Lamar', 'Beyonc�']",Major
237,488386797.0,8,0,16,26,44,10,73,97,8,3763,1,['Taylor Swift'],Major
238,32761689.0,8,51,26,41,51,59,92,101,0,197,5,"['WizKid', 'Toian', 'Metro Boomin', 'Don Toliver', 'Beam']",Major
239,1047480053.0,5,0,6,14,48,23,80,98,33,4004,1,['Bad Bunny'],Minor
240,153454328.0,9,0,80,18,89,63,59,154,5,984,1,['Simone Mendes'],Major
241,217672943.0,22,0,31,52,58,63,91,120,24,1240,1,['Tini'],Major
242,457184829.0,3,0,6,7,55,4,49,150,13,3995,1,['Lil Uzi Vert'],Major
243,939844851.0,8,0,10,11,78,27,47,174,13,7681,1,['Sia'],Major
244,726434358.0,4,0,18,69,51,25,34,202,4,4427,1,['Stephen Sanchez'],Major
245,573633020.0,24,0,36,5,52,42,56,153,18,4657,2,"['Drake', '21 Savage']",Minor
246,1406111294.0,3,0,13,58,37,13,60,142,20,10195,1,['Adele'],Major
247,71573339.0,64,0,20,26,47,55,84,108,4,269,2,"['MC Caverinha', 'KayBlack']",Minor
248,24975653.0,12,0,23,4,69,25,83,143,0,214,2,"['Offset', 'JID']",Major
249,145458418.0,5,0,80,60,67,55,67,108,2,845,1,['Z�� Neto & Crist'],Major
250,1424589568.0,6,0,4,3,66,78,95,104,27,20763,1,['Eminem'],Minor
251,231332117.0,11,0,18,43,79,96,84,93,20,1267,3,"['Migrantes', 'LiL CaKe', 'Nico Valdi']",Minor
252,415932686.0,5,0,9,16,53,46,65,105,32,2585,1,['Tory Lanez'],Minor
253,988515741.0,5,0,14,89,32,27,44,170,6,6330,1,['Joji'],Major
254,50847624.0,5,0,12,18,66,56,62,178,1,675,3,"['Mambo Kingz', 'DJ Luian', 'Anuel Aa']",Minor
255,39893489.0,5,0,32,10,76,44,50,176,0,715,1,['Ed Sheeran'],Minor
256,92035115.0,5,0,11,11,88,38,80,104,13,327,2,"['Nile Rodgers', 'LE SSERAFIM']",Minor
257,118810253.0,30,0,47,31,84,83,70,85,12,244,1,['Agust D'],Major
258,77233241.0,5,0,26,39,58,69,77,117,4,385,2,"['Rich The Kid', 'Matu�']",Minor
259,206399629.0,39,0,15,86,48,57,52,80,35,1020,1,['Karol G'],Major
260,117747907.0,5,0,38,50,41,36,44,98,3,1730,1,['Labrinth'],Major
261,266624541.0,25,0,11,34,78,58,79,178,33,2127,2,"['Karol G', 'Romeo Santos']",Minor
262,293186992.0,3,0,22,48,33,27,51,148,9,3242,1,['Lizzy McAlpine'],Major
263,139681964.0,3,0,38,65,66,94,77,120,10,526,1,['Fifty Fifty'],Major
264,123132751.0,5,0,8,1,88,38,68,122,15,366,1,['IVE'],Minor
265,103762518.0,4,0,9,42,73,75,74,144,2,472,1,['sped up 8282'],Major
266,162887075.0,36,0,10,33,47,47,93,96,12,432,2,"['Cartel De Santa', 'La Kelly']",Major
267,91221625.0,9,0,17,16,88,35,77,137,12,271,1,['SEVENTEEN'],Major
268,190490915.0,42,0,53,12,61,71,94,121,4,816,1,['NLE Choppa'],Minor
269,96180277.0,3,0,50,1,57,10,60,119,0,1169,2,"['The Weeknd', 'Future']",Minor
270,185240616.0,4,0,13,71,47,40,72,96,6,1282,1,['Taylor Swift'],Major
271,885093467.0,5,1,11,66,52,53,87,111,34,6587,1,['Karol G'],Major
272,104992946.0,19,0,10,14,68,74,90,148,4,1444,2,"['Nicki Minaj', 'Ice Spice']",Major
273,147290338.0,5,0,6,8,59,80,57,182,10,356,2,"['Grupo Marca Registrada', 'Grupo Frontera']",Major
274,1302184087.0,9,0,4,28,86,82,79,141,30,10147,1,['Ed Sheeran'],Major
275,158950978.0,9,0,6,19,81,80,76,145,6,265,2,"['Fuerza Regida', 'Peso Pluma']",Minor
276,76910644.0,6,0,41,1,70,26,76,110,9,351,2,"['TAEYANG', 'Lisa']",Minor
277,137123880.0,3,0,10,41,41,35,70,134,4,158,1,['Raim Laode'],Major
278,782369383.0,10,0,6,18,62,78,92,130,33,7613,1,['ROSAL�'],Major
279,502574952.0,7,0,8,35,53,88,84,145,6,3956,1,['Meghan Trainor'],Major
280,207033255.0,4,10,15,1,90,36,69,130,10,1638,3,"['sped up nightcore', 'ARIZONATEARS', 'Lil Uzi Vert']",Minor
281,404887295.0,3,0,23,12,53,69,59,173,18,924,1,['Grupo Frontera'],Major
282,381161027.0,15,0,10,25,76,55,75,92,35,1985,1,['Quevedo'],Minor
283,466231982.0,4,1,10,0,87,57,56,105,13,6339,1,['TV Girl'],Minor
284,357580552.0,10,90,12,43,64,15,59,175,24,1561,1,['INTERWORLD'],Minor
285,61105704.0,4,0,9,22,70,33,80,120,4,875,2,"['Quevedo', 'Jhayco']",Minor
286,198275403.0,5,0,12,37,48,77,70,139,5,406,2,"['El Chachito', 'Junior H']",Minor
287,168448603.0,6,0,12,12,82,56,59,132,13,340,1,['Jimin'],Minor
288,705469769.0,3,0,17,14,74,17,32,114,15,4188,2,"['The Weeknd', 'Gesaffelstein']",Major
289,34502215.0,5,0,37,36,48,19,54,145,0,105,2,"['RM', 'Colde']",Minor
290,482175240.0,4,0,18,0,69,67,82,110,17,1524,1,['BLACKPINK'],Major
291,304118600.0,16,0,36,17,66,61,89,94,30,2651,2,"['Nengo Flow', 'Bad Bunny']",Major
292,1449799467.0,4,0,33,21,60,17,45,134,6,11087,1,['The Weeknd'],Major
293,173627354.0,4,0,39,0,76,32,62,120,19,373,1,['Jimin'],Major
294,90025258.0,4,0,11,24,68,86,70,123,4,200,2,"['Jasiel Nu��ez', 'Peso P']",Minor
295,652704649.0,4,0,15,35,71,84,77,131,17,3741,2,"['Nicky Youre', 'Dazy']",Major
296,1829992958.0,26,0,36,1,73,6,70,171,21,32502,1,['Eminem'],Major
297,655466831.0,6,0,20,2,76,64,80,130,14,7615,2,"['Eminem', 'Dina Rae']",Minor
298,146409671.0,8,0,9,34,67,53,82,94,34,1208,3,"['Mambo Kingz', 'DJ Luian', 'Anuel Aa']",Major
299,95816024.0,6,0,32,39,57,44,73,89,4,209,2,"['IU', 'Agust D']",Minor
300,117206995.0,20,0,15,4,56,71,65,87,9,1235,1,['Feid'],Minor
301,100409613.0,30,0,15,55,78,79,72,124,3,654,2,"['Arcangel', 'Bizarrap']",Minor
302,80758350.0,32,0,22,51,65,80,71,78,0,1479,1,['Tyler - The Creator'],Major
303,325592432.0,10,0,18,7,79,70,70,120,26,4942,2,"['Ti��sto', 'Tate M']",Major
304,58473276.0,20,0,37,40,80,50,48,96,0,709,1,['Tyler - The Creator'],Minor
305,52722996.0,4,0,12,31,86,22,73,106,0,660,1,['NF'],Major
306,191945597.0,35,0,12,62,46,75,78,170,17,489,1,['Yng Lvcas'],Minor
307,77377503.0,7,47,30,8,76,11,67,134,0,407,2,"['Kanii', 'PR1ISVX']",Minor
308,743693613.0,5,0,11,30,73,90,71,115,8,7461,1,['Harry Styles'],Major
309,267789608.0,3,0,30,45,87,79,74,130,4,993,1,['Mar��lia Mendo'],Major
310,1221813483.0,3,0,10,3,79,63,65,118,5,9161,2,"['Ariana Grande', 'The Weeknd']",Major
311,449701773.0,3,0,12,42,38,22,59,110,12,3282,1,['Zach Bryan'],Major
312,67070410.0,4,4,19,18,66,42,72,100,0,596,1,['Melanie Martinez'],Major
313,116334601.0,7,0,11,26,79,76,70,142,6,320,2,"['Fuerza Regida', 'Chino Pacas']",Minor
314,433356509.0,7,0,12,72,37,18,64,140,4,2612,1,['Taylor Swift'],Major
315,165584767.0,4,0,9,62,73,96,90,116,4,2040,1,['Mae Stephens'],Major
316,367814306.0,3,0,61,25,85,64,73,120,9,2128,1,['Morgan Wallen'],Major
317,477033549.0,6,0,7,31,79,46,76,92,37,2598,2,"['Feid', 'Mora']",Minor
318,156214700.0,3,0,31,5,79,64,81,110,2,542,1,['Kenia OS'],Minor
319,448843705.0,11,0,13,1,97,57,71,120,20,2459,1,['Kordhell'],Major
320,1357608774.0,6,0,56,9,61,40,63,80,17,10624,2,"['Coolio', 'L.V.']",Major
321,294352144.0,31,0,9,47,69,43,95,115,26,2418,2,"['Karol G', 'Ovy On The Drums']",Minor
322,972164968.0,4,0,13,65,67,46,58,76,7,7536,1,['The Walters'],Major
323,920045682.0,6,0,12,45,78,77,60,172,7,10431,1,['Steve Lacy'],Major
324,2420461338.0,5,0,9,69,56,45,40,99,16,15722,1,['James Arthur'],Major
325,1947371785.0,8,0,14,9,57,12,36,136,4,25744,1,['The Weeknd'],Minor
326,244658767.0,10,35,11,67,14,64,90,150,0,1640,1,['Mac DeMarco'],Minor
327,68216992.0,5,0,10,79,31,41,71,92,0,34,1,['Jack Black'],Minor
328,223582566.0,5,0,7,17,87,72,77,95,16,1845,5,"['Duki', 'NICKI NICOLE', 'Cris Mj', 'Standly', 'Stars Music Chile']",Major
329,471819764.0,5,0,10,21,83,58,83,102,30,3301,3,"['Brray', 'Rauw Alejandro', 'Lyanno']",Minor
330,272377463.0,6,0,16,43,55,34,70,145,0,1911,1,['SZA'],Minor
331,1361425037.0,4,0,64,0,86,24,50,110,5,20111,1,['Linkin Park'],Major
332,149778242.0,6,0,38,46,77,30,64,95,0,1529,2,"['Gorillaz', 'Bad Bunny']",Major
333,116599790.0,13,0,9,53,82,81,68,94,2,615,2,"['j-hope', 'J. Cole']",Minor
334,148469433.0,3,0,26,0,91,92,61,142,4,811,1,['Morgan Wallen'],Major
335,497225336.0,5,0,15,1,74,20,59,145,10,5730,2,"['Robin Schulz', 'Oliver Tree']",Minor
336,88791109.0,3,0,36,0,80,67,64,121,4,356,1,['Morgan Wallen'],Minor
337,125917280.0,3,0,12,49,76,43,66,140,6,604,1,['Morgan Wallen'],Minor
338,105062254.0,6,0,11,8,67,44,84,137,0,1190,3,"['Don Toliver', 'Future', 'Justin Bieber']",Minor
339,95623148.0,3,0,15,0,85,72,56,104,0,579,1,['Morgan Wallen'],Major
340,144584800.0,3,0,33,7,76,68,57,92,2,1553,1,['Niall Horan'],Major
341,298063749.0,38,0,21,86,45,51,74,146,20,2301,1,['Central Cee'],Minor
342,166570053.0,4,0,12,89,43,20,56,120,4,134,1,['Mahalini'],Major
343,83021468.0,4,0,8,9,81,83,68,144,0,430,1,['Morgan Wallen'],Major
344,139836056.0,3,0,6,80,56,44,59,94,0,86,2,"['Arijit Singh', 'Sachin-Jigar']",Major
345,303216294.0,6,2,11,5,79,65,73,94,14,629,1,['ThxSoMch'],Major
346,221409663.0,5,0,11,8,74,66,79,113,15,1701,2,"['Myke Towers', 'Quevedo']",Minor
347,58890931.0,3,0,12,12,76,49,50,148,0,329,2,"['Morgan Wallen', 'Eric Church']",Major
348,81419389.0,26,0,11,12,73,29,70,98,0,1168,1,['Nicki Minaj'],Major
349,156777415.0,4,0,10,91,38,26,58,140,6,162,1,['Kaifi Khalil'],Major
350,284908316.0,3,0,18,81,28,28,36,100,6,2536,1,['SZA'],Major
351,93438910.0,29,0,11,39,79,68,86,140,11,387,2,"['Karol G', 'Quevedo']",Major
352,363472647.0,23,0,29,27,94,78,59,100,17,892,1,['NewJeans'],Minor
353,372476382.0,3,0,13,2,65,49,59,100,0,3909,1,['Lady Gaga'],Minor
354,380726517.0,5,0,21,42,70,82,87,132,15,3645,2,"['Ozuna', 'Shakira']",Minor
355,56533272.0,3,0,26,10,67,48,49,142,0,282,1,['Morgan Wallen'],Major
356,175399345.0,7,0,21,25,63,96,72,176,22,888,1,['Quevedo'],Minor
357,203221468.0,3,0,14,49,70,51,53,140,4,968,1,['Morgan Wallen'],Major
358,1624165576.0,6,0,32,1,90,40,55,105,6,25065,1,['Linkin Park'],Minor
359,134294498.0,3,0,35,75,77,97,81,135,4,531,1,['Leo Santana'],Major
360,70069745.0,4,0,12,30,59,61,82,128,0,242,1,['Treyce'],Minor
361,609293408.0,7,0,12,12,69,43,74,101,14,5281,2,"['Post Malone', 'Doja Cat']",Major
362,671365962.0,5,0,14,7,50,43,88,122,30,2590,1,['Bad Bunny'],Major
363,362361576.0,13,12,10,80,56,49,76,105,34,1769,1,['Quevedo'],Minor
364,93587665.0,33,0,11,73,36,40,53,83,4,454,2,"['MC Xenon', 'Os Gemeos da Putaria']",Major
365,1223481149.0,28,0,42,24,76,59,72,77,7,6180,4,"['Imagine Dragons', 'League of Legends', 'JID', 'Arcane']",Minor
366,1022258230.0,26,0,11,78,25,18,75,140,11,3600,1,['XXXTENTACION'],Minor
367,263453310.0,5,0,92,31,95,72,65,158,6,1254,2,"['Israel & Rodolffo', 'Ana Castela']",Major
368,1435127549.0,32,0,11,15,65,43,75,176,31,6398,2,"['J Balvin', 'Bad Bunny']",Major
369,236857112.0,2,0,5,56,57,88,73,98,15,660,2,"['Yuridia', 'Angela Aguilar']",Major
370,147538971.0,3,0,11,72,40,47,66,107,0,1283,1,['The Kid Laroi'],Minor
371,698086140.0,3,1,12,10,57,16,66,109,6,8084,1,['The Weeknd'],Minor
372,723894473.0,7,0,34,10,74,72,84,109,2,2332,1,['Lizzo'],Minor
373,34450974.0,4,0,36,5,81,61,53,148,0,203,1,['Morgan Wallen'],Major
374,403097450.0,5,0,19,17,76,52,60,158,14,685,1,['Fujii Kaze'],Minor
375,309483971.0,6,0,10,6,73,64,74,94,13,2460,2,"['Wisin & Yandel', 'ROSAL�']",Minor
376,319566866.0,4,0,10,35,51,40,70,96,6,288,1,['King'],Minor
377,909001996.0,3,0,12,29,67,29,80,100,33,4572,1,['Bad Bunny'],Minor
378,1061966512.0,4,0,14,1,68,42,58,105,13,6127,2,"['Coldplay', 'BTS']",Major
379,32526947.0,3,0,9,38,66,32,53,125,0,166,1,['Morgan Wallen'],Major
380,124988687.0,27,0,19,13,63,56,56,170,0,1838,1,['ROSAL�'],Minor
381,103787664.0,6,0,41,17,90,84,70,115,0,1890,3,"['Sam Smith', 'Calvin Harris', 'Jessie Reyez']",Major
382,134255790.0,9,0,15,0,89,25,64,122,16,2098,1,['P!nk'],Major
383,301051721.0,8,0,11,8,80,82,88,105,12,761,1,['LE SSERAFIM'],Minor
384,156338624.0,4,0,21,25,84,74,66,133,0,1225,1,['PinkPantheress'],Major
385,152850295.0,4,0,26,7,68,60,79,100,2,415,2,"['TAEYANG', 'Jimin']",Major
386,309653982.0,10,3,9,15,45,55,82,120,0,3469,1,['SZA'],Minor
387,297328960.0,3,0,13,90,30,17,25,177,0,3311,1,['Rihanna'],Major
388,332506354.0,5,0,9,15,72,31,64,142,0,2616,1,['Lil Nas X'],Minor
389,480507035.0,4,1,52,1,84,47,57,144,16,3006,1,['Beach Weather'],Minor
390,1065580332.0,10,0,19,9,86,80,65,120,0,4260,2,"['Halsey', 'BTS']",Minor
391,122763672.0,6,0,15,55,51,73,92,135,0,482,1,['Baby Tate'],Major
392,445763624.0,4,0,12,38,78,82,81,107,10,4013,1,['R��'],Major
393,1365184.0,7,0,33,10,74,62,82,105,4,138,6,"['Arijit Singh', 'Vishal Dadlani', 'Sukriti Kakar', 'Vishal-Shekhar', 'Shekhar Ravjiani', 'Kumaar']",Major
394,184308753.0,20,0,9,9,77,38,44,108,0,1368,2,"['RAYE', '070 Shake']",Minor
395,789753877.0,3,13,14,22,79,62,51,147,4,17852,1,['Beach House'],Minor
396,323358833.0,4,0,44,16,88,34,71,115,20,889,3,"['BTS', 'Jung Kook', 'FIFA Sound']",Major
397,606361689.0,32,0,8,23,64,57,70,174,9,4796,2,"['Shakira', 'Rauw Alejandro']",Major
398,120972253.0,8,0,31,3,71,83,68,90,6,658,3,"['Steve Aoki', 'Tini', 'La Joaqui']",Minor
399,338564981.0,4,1,14,84,25,9,41,141,2,3009,1,['Billie Eilish'],Minor
400,1606986953.0,4,0,8,56,49,50,68,82,3,17492,1,['Sam Smith'],Major
401,1301799902.0,3,0,32,62,43,25,47,92,7,6170,1,['Conan Gray'],Major
402,140187018.0,4,0,15,6,80,65,77,116,4,130,6,"['Vishal-Shekhar', 'Shilpa Rao', 'Caralisa Monteiro', 'Kumaar', 'Vishal Dadlani', 'Shekhar Ravjiani']",Minor
403,1897517891.0,11,0,8,4,86,59,79,124,10,27705,2,"['Calvin Harris', 'Dua Lipa']",Minor
404,107642809.0,9,0,17,1,89,83,71,125,0,359,1,['TOMORROW X TOGETHER'],Minor
405,551305895.0,10,0,27,2,69,71,80,90,16,1963,1,['BLACKPINK'],Major
406,556585270.0,34,0,7,31,64,34,46,83,14,5491,3,"['Drake', 'Future', 'Tems']",Major
407,2303033973.0,8,0,10,1,79,68,79,124,0,27119,1,['Dua Lipa'],Minor
408,646886885.0,3,41,8,7,60,4,58,140,14,1776,1,['Mr.Kitty'],Major
409,222612678.0,4,0,72,15,91,61,64,154,4,1473,2,"['Gustavo Mioto', 'Mari Fernandez']",Major
410,1814349763.0,6,0,5,2,70,89,74,150,0,13315,2,"['Jack Harlow', 'Lil Nas X']",Minor
411,872137015.0,5,0,12,2,61,9,41,186,8,4057,1,['Elley Duh�'],Minor
412,571386359.0,3,0,12,5,48,23,40,166,6,3045,1,['Seafret'],Minor
413,304079786.0,9,4,31,0,83,20,87,107,12,3006,2,"['Baby Rasta', 'Rauw Alejandro']",Major
414,174006928.0,24,0,28,31,52,52,87,87,0,852,3,"['DJ Escobar', 'MC MENOR SG', 'MC MENOR HR']",Major
415,284785823.0,7,0,7,21,64,39,40,82,15,2163,1,['Dean Lewis'],Major
416,163284000.0,4,0,21,91,28,60,46,114,0,1484,1,['SZA'],Minor
417,246390068.0,5,13,29,38,52,15,47,148,0,1703,1,['Joji'],Major
418,482257456.0,29,0,40,38,57,97,91,140,44,4169,1,['Central Cee'],Major
419,168684524.0,6,24,33,15,81,76,90,101,0,1054,1,['Bellakath'],Major
420,78489819.0,6,23,6,5,84,6,81,140,0,2849,3,"['Skrillex', 'Flowdan', 'Fred again..']",Minor
421,195516622.0,29,0,18,19,66,24,49,88,0,1602,3,"['Travis Scott', '21 Savage', 'Metro Boomin']",Minor
422,1260594497.0,12,0,14,28,65,44,64,180,28,9644,1,['Bad Bunny'],Major
423,428685680.0,24,0,31,6,89,91,95,133,0,4827,1,['Nicki Minaj'],Major
424,1024858327.0,6,0,6,72,55,20,63,108,0,21811,1,['Kate Bush'],Minor
425,838586769.0,3,0,23,39,43,24,39,80,0,168,1,['Aerosmith'],Minor
426,199386237.0,46,6,11,3,62,46,80,75,0,688,1,['Freddie Dredd'],Minor
427,972509632.0,10,0,17,52,64,26,67,121,44,10565,2,"['Lost Frequencies', 'Calum Scott']",Minor
428,213438580.0,8,0,20,18,62,17,58,140,0,1612,2,"['Twisted', 'Oliver Tree']",Minor
429,1555511105.0,3,0,36,5,90,59,81,126,8,12755,1,['Ed Sheeran'],Minor
430,210038833.0,11,0,9,0,94,29,58,102,4,574,1,['Kenshi Yonezu'],Major
431,227918678.0,4,1,11,60,34,31,70,82,0,2499,1,['Omar Apollo'],Major
432,826623384.0,6,0,72,23,78,53,46,121,2,10426,1,['SZA'],Minor
433,1802514301.0,6,0,7,1,83,92,70,103,8,15894,2,"['Dua Lipa', 'DaBaby']",Minor
434,1329090101.0,9,0,12,9,76,88,82,108,0,9424,1,['Doja Cat'],Minor
435,181831132.0,10,0,12,31,47,36,65,85,7,713,1,['Hotel Ugly'],Minor
436,462791599.0,5,0,5,1,69,70,84,125,28,7758,2,"['James Hype', 'Miggy Dela Rosa']",Minor
437,348647203.0,6,0,13,41,39,40,69,120,2,2537,1,['Taylor Swift'],Major
438,366599607.0,3,0,10,57,57,44,58,94,6,292,3,"['Pritam', 'Arijit Singh', 'Amitabh Bhattacharya']",Major
439,90598517.0,5,4,7,22,80,49,65,130,0,323,3,"['Styrx', 'utku INC', 'Thezth']",Minor
440,1479264469.0,4,0,29,2,74,51,74,110,4,14143,2,"['Maroon 5', 'Wiz Khalifa']",Major
441,1449779435.0,4,0,7,16,63,33,34,150,0,25653,1,['Mariah Carey'],Major
442,1159176109.0,3,0,46,28,65,88,74,107,0,22153,1,['Wham!'],Minor
443,769213520.0,5,0,45,71,41,85,70,140,0,14994,1,['Brenda Lee'],Major
444,741301563.0,3,0,6,84,37,78,74,119,0,10326,1,['Bobby Helms'],Major
445,807561936.0,3,0,29,91,23,38,35,93,0,12353,1,['Michael Bubl�'],Major
446,834129063.0,18,0,30,5,63,53,46,133,0,9408,1,['Ariana Grande'],Major
447,663832097.0,4,0,12,77,60,76,24,202,0,8879,1,['Andy Williams'],Major
448,446390129.0,4,0,18,91,24,72,45,134,0,6512,1,['Dean Martin'],Major
449,690104769.0,3,0,9,48,51,33,72,105,0,5140,1,['Sia'],Major
450,485285717.0,5,0,21,0,81,69,51,160,0,6596,1,['Kelly Clarkson'],Major
451,520034544.0,4,0,34,47,82,96,50,148,0,3788,1,['Jos�� Felic'],Major
452,476244795.0,4,0,9,87,47,70,65,151,0,7655,1,['Michael Bubl�'],Major
453,629173063.0,4,0,9,51,54,88,67,162,0,9577,1,['Justin Bieber'],Minor
454,404664135.0,3,0,32,40,77,84,53,92,0,10114,1,['The Ronettes'],Major
455,98709329.0,7,18,21,44,65,35,65,152,0,1007,1,['SZA'],Major
456,110849052.0,8,0,13,85,26,55,71,65,0,1127,1,['SZA'],Minor
457,460492795.0,3,0,77,32,61,39,33,147,0,10829,4,"['John Lennon', 'The Harlem Community Choir', 'The Plastic Ono Band', 'Yoko Ono']",Major
458,94005786.0,9,0,32,53,69,71,73,150,0,1042,2,"['SZA', 'Don Toliver']",Minor
459,395591396.0,3,0,15,64,36,81,67,140,0,7930,1,['Burl Ives'],Major
460,389771964.0,4,0,11,84,15,22,36,139,0,11500,1,['Nat King Cole'],Major
461,403939487.0,3,0,9,36,58,74,75,95,0,1685,1,['Paul McCartney'],Major
462,481697415.0,3,2,27,0,57,23,60,115,0,14169,1,['Band Aid'],Major
463,110073250.0,5,3,11,84,43,59,62,125,0,1634,2,"['SZA', 'Phoebe Bridgers']",Major
464,88092256.0,5,0,11,78,20,19,60,76,0,906,1,['SZA'],Major
465,351636786.0,3,0,13,14,87,91,72,101,0,1087,1,"[""Shakin' Stevens""]",Minor
466,473248298.0,6,0,34,88,32,86,60,143,0,10585,2,"['Frank Sinatra', 'B. Swanson Quartet']",Major
467,73981293.0,23,0,9,67,66,51,51,119,0,827,1,['SZA'],Minor
468,155653938.0,16,1,15,76,59,22,67,78,4,1420,2,"['SZA', 'Travis Scott']",Major
469,395591396.0,3,0,40,91,25,19,23,96,0,11940,3,"['Bing Crosby', 'John Scott Trotter & His Orchestra', 'Ken Darby Singers']",Major
470,429504768.0,4,0,18,36,58,87,51,180,0,888,1,['Chris Rea'],Major
471,242767149.0,5,0,8,39,76,35,34,126,0,9122,1,['Darlene Love'],Major
472,65362788.0,6,0,15,57,44,42,43,150,0,892,1,['SZA'],Major
473,67540165.0,4,0,34,9,74,47,53,90,0,989,1,['SZA'],Major
474,62019074.0,12,0,11,28,68,78,72,160,0,819,1,['SZA'],Major
475,135723538.0,4,0,10,24,94,60,59,114,0,2209,2,"['Ed Sheeran', 'Elton John']",Major
476,295998468.0,5,0,15,77,32,72,73,113,0,6290,3,"['Perry Como', 'The Fontane Sisters', 'Mitchell Ayres & His Orchestra']",Major
477,261116938.0,3,0,19,17,72,69,67,147,0,6952,1,['Britney Spears'],Major
478,136689549.0,3,0,10,3,59,92,70,100,2,313,2,"['Mabel Matiz', 'Mert Demir']",Minor
479,135611421.0,9,0,12,3,77,42,49,155,2,353,1,['RM'],Major
480,356709897.0,16,0,11,51,39,41,54,107,0,4094,1,['SZA'],Minor
481,110649992.0,5,0,38,9,54,15,80,112,0,880,2,"['Travis Scott', 'Metro Boomin']",Major
482,301869854.0,7,20,11,9,57,57,70,166,0,573,1,['ThxSoMch'],Major
483,127027715.0,4,0,8,81,36,96,69,107,0,3299,1,['Nat King Cole'],Minor
484,57144458.0,38,0,22,24,68,33,47,81,0,811,1,['SZA'],Major
485,56870689.0,7,0,11,5,46,77,79,150,0,899,1,['SZA'],Major
486,323437194.0,4,0,12,69,32,19,66,110,0,2415,2,"['Taylor Swift', 'Lana Del Rey']",Major
487,317726339.0,6,0,10,6,40,4,64,108,0,2304,1,['Taylor Swift'],Major
488,116144341.0,36,0,7,30,74,48,89,130,0,1003,4,"['Dj LK da Esc��cia', 'Tchakabum', 'mc jhenny', 'M']",Minor
489,328207708.0,7,0,9,6,56,39,70,164,0,2699,1,['Taylor Swift'],Major
490,608228647.0,4,0,66,2,68,42,80,114,20,2482,2,"['Bad Bunny', 'Jhay Cortez']",Minor
491,180577478.0,4,0,12,1,88,93,63,93,0,2577,2,"['Gwen Stefani', 'Blake Shelton']",Major
492,809306935.0,8,0,9,36,69,51,87,90,34,6821,2,"['Chencho Corleone', 'Rauw Alejandro']",Minor
493,49262961.0,8,0,39,78,68,35,45,128,0,714,1,['SZA'],Major
494,614555082.0,9,0,24,2,80,47,83,97,4,3185,2,"['Bad Bunny', 'Rauw Alejandro']",Major
495,245350949.0,8,0,7,79,71,94,69,152,0,8612,1,['Chuck Berry'],Minor
496,178660459.0,5,0,10,73,34,94,51,175,0,4326,1,['Frank Sinatra'],Major
497,51641685.0,8,0,16,67,55,48,61,116,0,680,1,['SZA'],Major
498,78139948.0,6,0,44,76,59,51,33,80,0,398,2,"['John Legend', 'Metro Boomin']",Minor
499,322336177.0,39,0,21,26,86,34,63,93,13,3328,2,"['Maldy', 'Karol G']",Minor
500,1007612429.0,5,0,37,30,54,42,70,122,0,7215,1,['Gayle'],Major
501,326792833.0,10,0,7,3,79,91,70,122,0,4440,1,['The Weeknd'],Major
502,391251368.0,3,0,16,4,58,60,70,135,6,2881,1,['The Weeknd'],Minor
503,349585590.0,5,0,31,62,47,45,60,109,0,2235,3,"['Lauren Spencer Smith', 'Lauren Spencer Smith', 'Lauren Spencer Smith']",Major
504,339659802.0,5,0,32,27,74,82,65,93,0,3711,1,['The Weeknd'],Minor
505,674772936.0,9,5,7,2,81,64,85,125,0,12403,2,"['Cherish', 'ACRAZE']",Minor
506,432719968.0,8,0,11,36,45,83,58,206,0,2785,7,"['Adassa', 'Mauro Castillo', 'Stephanie Beatriz', 'Encanto - Cast', 'Rhenzy Feliz', 'Diane Guerrero', 'Carolina Gaitan']",Minor
507,1309887447.0,3,0,13,1,77,44,76,130,17,14114,1,['Farruko'],Major
508,119238316.0,8,0,9,2,51,62,80,121,0,1915,1,['The Weeknd'],Minor
509,116903579.0,5,0,21,0,73,35,74,123,0,2297,1,['The Weeknd'],Minor
510,888046992.0,4,0,30,15,67,50,67,122,0,4375,1,['Jaymes Young'],Minor
511,200660871.0,3,0,8,0,79,50,53,143,0,2800,1,['The Weeknd'],Major
512,130655803.0,4,0,26,1,77,35,70,121,0,2597,1,['The Weeknd'],Minor
513,1887039593.0,18,0,11,28,66,68,56,166,6,15563,1,['Olivia Rodrigo'],Minor
514,88103848.0,3,0,60,36,64,27,41,135,0,1420,2,"['The Weeknd', 'Tyler - The Creator']",Major
515,101114984.0,21,0,35,44,59,49,49,87,0,1292,1,['The Weeknd'],Minor
516,1575467011.0,3,0,13,30,66,74,77,111,0,15867,2,"['SZA', 'Doja Cat']",Major
517,91656026.0,19,0,31,10,84,85,75,110,0,1178,2,"['The Weeknd', 'Lil Wayne']",Major
518,1042568408.0,7,0,9,30,61,19,66,130,0,6672,1,['Doja Cat'],Major
519,1735441776.0,15,0,38,30,51,76,61,179,0,12329,1,['Lil Nas X'],Minor
520,726837877.0,4,0,13,61,73,53,74,93,2,5669,1,['Ckay'],Minor
521,53933526.0,5,0,49,62,49,10,27,78,0,811,1,['The Weeknd'],Minor
522,267758538.0,31,0,4,2,58,37,65,180,0,1756,1,['Jessica Darrow'],Major
523,74601456.0,3,0,19,50,41,13,28,86,0,1014,1,['The Weeknd'],Minor
524,920797189.0,22,0,5,1,85,55,74,88,0,7963,1,['Lil Nas X'],Minor
525,539595276.0,5,0,7,4,78,72,68,97,0,4771,2,"['The Weeknd', 'Post Malone']",Major
526,1367810478.0,5,0,36,13,80,59,71,134,0,8559,1,['M��ne'],Minor
527,578207856.0,10,0,10,12,76,36,75,116,2,3221,2,"['Aitana', 'zzoilo']",Major
528,775542072.0,8,0,9,9,70,14,64,170,26,3423,3,"['Julieta Venegas', 'Bad Bunny', 'Tainy']",Minor
529,863625566.0,23,0,14,16,55,40,83,140,13,2566,1,['Lisa'],Minor
530,656013912.0,4,0,9,3,76,46,75,118,6,9151,2,"['Ti��sto', 'Ava']",Minor
531,1056760045.0,4,0,14,76,24,31,31,65,0,8476,1,['Billie Eilish'],Major
532,611994237.0,4,0,11,0,67,16,56,120,17,7495,2,"['The Weeknd', 'Swedish House Mafia']",Minor
533,1230855859.0,5,0,12,68,33,12,29,176,6,5257,2,"['Juan Cruz Toledo', 'Huilen Toledo']",Major
534,582981380.0,36,0,46,84,61,69,59,180,0,1795,1,['BoyWithUke'],Minor
535,1858144199.0,7,0,10,76,43,21,59,144,3,12685,1,['Olivia Rodrigo'],Major
536,240684449.0,27,0,14,38,61,52,82,133,1,648,3,"['Xam��', 'Gustah', 'Neo B']",Minor
537,583687007.0,3,0,9,28,52,21,63,93,5,4635,1,['Taylor Swift'],Major
538,63803529.0,3,0,23,34,62,25,77,122,0,1184,1,['The Weeknd'],Major
539,466214729.0,5,0,3,9,73,55,53,88,0,4431,1,['Adele'],Major
540,236940480.0,4,0,37,40,44,61,70,170,3,759,4,"['Lit Killah', 'Maria Becerra', 'Tiago pzk', 'NICKI NICOLE']",Minor
541,41924466.0,11,0,10,71,50,55,46,94,0,733,1,['The Weeknd'],Minor
542,225259194.0,16,0,13,12,47,46,65,170,0,2795,1,['Emmy Meli'],Major
543,393230256.0,8,0,66,57,70,79,79,90,2,2780,3,"['Justin Quiles', 'Lenny Tav��rez', 'BL']",Minor
544,287201015.0,3,0,9,62,29,7,40,78,0,1950,1,['Shawn Mendes'],Major
545,599770206.0,3,0,15,5,58,36,57,94,12,3947,1,['The Neighbourhood'],Major
546,342779426.0,14,0,36,0,41,11,83,73,0,2551,1,['Kodak Black'],Major
547,673801126.0,18,0,7,42,86,79,73,176,10,5375,2,"['Aventura', 'Bad Bunny']",Major
548,1168642797.0,4,1,10,40,63,57,81,128,8,11975,1,['Rauw Alejandro'],Minor
549,540539717.0,6,9,5,44,60,44,58,120,0,2696,3,"['Ckay', ""AX'EL"", 'Dj Yo!']",Major
550,383550148.0,4,0,35,6,62,85,63,82,0,4963,3,"['Bruno Mars', 'Anderson .Paak', 'Silk Sonic']",Major
551,530511203.0,3,0,9,2,47,40,77,95,0,6734,3,"['THE ANXIETY', 'Willow', 'Tyler Cole']",Major
552,37307967.0,29,0,4,11,94,52,44,118,0,715,1,['The Weeknd'],Major
553,510876816.0,3,0,14,8,86,93,75,123,9,3047,1,['Sebastian Yatra'],Minor
554,1445941661.0,18,0,42,38,68,49,63,90,0,14140,3,"['Justin Bieber', 'Daniel Caesar', 'Giveon']",Major
555,1763363713.0,5,0,11,40,57,14,73,110,21,11215,2,"['Bad Bunny', 'Jhay Cortez']",Minor
556,374191487.0,32,0,10,47,82,76,66,96,12,1678,2,"['Bizarrap', 'Tiago pzk']",Minor
557,108809090.0,11,0,23,35,55,58,56,88,0,2035,1,['Stromae'],Minor
558,436695353.0,5,0,24,17,85,60,73,98,2,2780,3,"['Chris Brown', 'Rvssian', 'Rauw Alejandro']",Minor
559,421040617.0,4,0,14,0,68,67,72,110,0,4091,3,"['NEIKED', 'Mae Muller', 'Polo G']",Minor
560,501541661.0,8,0,12,19,49,57,70,80,0,2868,1,['Oliver Tree'],Major
561,354065229.0,6,0,11,43,53,31,86,110,0,3643,3,"['Kali Uchis', 'Amaarae', 'Moliy']",Minor
562,1143647827.0,11,0,6,0,36,70,79,110,6,4779,1,['BTS'],Major
563,311395144.0,19,1,13,1,42,49,77,78,0,3517,3,"['Young Thug', 'Future', 'Gunna']",Minor
564,672656250.0,6,0,8,2,62,44,83,129,0,5073,2,"['Doja Cat', 'The Weeknd']",Major
565,1256880657.0,9,0,42,61,60,22,44,181,4,7545,1,['Olivia Rodrigo'],Major
566,1692897992.0,10,0,9,1,77,74,75,114,5,8528,1,['BTS'],Minor
567,245095641.0,35,1,11,5,65,39,74,144,0,2979,1,['Jnr Choi'],Major
568,686734357.0,4,0,12,9,68,18,66,101,2,7731,2,"['The Weeknd', 'Gesaffelstein']",Major
569,261414174.0,5,0,12,29,63,78,67,84,0,1057,2,"['Trueno', 'Tiago pzk']",Major
570,610045621.0,7,0,11,21,69,63,66,154,19,3272,3,"['Sech', 'Bad Bunny', 'Mora']",Major
571,1115880852.0,3,0,9,18,62,72,59,148,0,14417,3,"['Bruno Mars', 'Anderson .Paak', 'Silk Sonic']",Major
572,594482982.0,30,0,7,13,37,22,85,146,0,5199,3,"['Drake', 'Project Pat', '21 Savage']",Minor
573,566954746.0,6,0,26,20,79,51,77,120,0,6026,2,"['Ti��sto', 'Kar']",Minor
574,,3,0,17,7,69,75,53,110,0,2877,1,['Edison Lighthouse'],Major
575,374706940.0,5,0,13,95,30,82,77,136,3,4640,2,"['The Weeknd', 'ROSAL�']",Minor
576,184937148.0,36,0,6,12,63,56,59,141,0,1150,3,"['Olga Merediz', 'Stephanie Beatriz', 'Encanto - Cast']",Major
577,31959571.0,4,30,14,75,48,23,46,108,0,768,1,['The Weeknd'],Minor
578,167076418.0,5,0,9,76,36,47,42,94,0,925,1,['Sebastian Yatra'],Major
579,824420218.0,5,63,5,0,94,41,35,180,3,3006,1,['Surf Curse'],Major
580,363467642.0,5,0,16,5,79,51,77,122,0,3098,1,['Jason Derulo'],Major
581,1127468248.0,3,15,12,7,52,33,59,85,4,9771,1,['The Neighbourhood'],Major
582,60680939.0,7,0,7,0,73,29,68,148,0,807,2,"['21 Savage', 'Gunna']",Major
583,247737946.0,11,0,5,6,73,59,83,120,1,521,1,['IVE'],Major
584,1699402402.0,4,0,27,22,72,76,70,91,0,12854,2,"['24kgoldn', 'Iann Dior']",Minor
585,154797871.0,4,0,10,26,71,54,72,120,0,802,2,"['Stephanie Beatriz', 'Diane Guerrero']",Major
586,198883004.0,9,0,8,11,79,86,86,106,0,731,1,['Trueno'],Major
587,124407432.0,3,0,29,93,35,31,63,110,0,788,1,['David Kushner'],Major
588,850608354.0,13,0,8,81,45,36,39,169,4,3069,1,['Olivia Rodrigo'],Major
589,376333030.0,17,0,26,1,55,21,80,118,0,4651,1,['Kanye West'],Major
590,516784627.0,16,0,9,32,66,79,91,92,0,4999,1,['Doja Cat'],Minor
591,1608045237.0,6,0,9,63,60,19,45,112,24,8327,1,['Lewis Capaldi'],Major
592,506778838.0,21,0,13,26,91,56,79,140,3,3297,1,['Playboi Carti'],Major
593,1472799873.0,3,0,5,13,76,52,73,105,6,35684,1,['Adele'],Major
594,513643924.0,22,0,15,14,77,63,76,178,10,3506,1,['Maluma'],Major
595,261286503.0,9,0,8,57,42,71,96,108,0,2999,2,"['Ed Sheeran', 'Fireboy DML']",Minor
596,783706581.0,4,0,34,86,29,19,40,173,0,3681,1,['Olivia Rodrigo'],Major
597,422691058.0,6,0,34,3,90,40,67,101,10,4846,3,"['Prezioso', 'Gabry Ponte', 'LUM!X']",Major
598,1062345656.0,23,2,11,41,62,24,80,120,0,14311,1,['Ti��'],Minor
599,1252563873.0,12,0,9,44,80,66,73,144,0,8207,1,['Ariana Grande'],Major
600,851070493.0,4,0,18,0,61,96,75,133,0,4873,1,['M��ne'],Major
601,263894529.0,28,0,97,53,83,62,46,158,0,772,2,"['Mar��lia Mendon��a', 'George Henrique &']",Minor
602,345903614.0,7,0,8,9,90,92,81,120,0,1150,1,['TWICE'],Major
603,951637566.0,5,0,13,56,46,59,61,129,4,5398,1,['Giveon'],Major
604,956865266.0,13,0,26,5,89,45,74,102,0,7370,2,"['Sean Paul', 'Dua Lipa']",Major
605,427486004.0,5,0,5,2,84,79,79,124,0,6890,4,"['Charli XCX', 'Jax Jones', 'Joel Corry', 'Saweetie']",Minor
606,156658366.0,3,24,11,85,45,31,73,90,0,1966,1,['SALES'],Minor
607,624515457.0,31,0,12,46,52,65,78,161,0,2226,1,['Sleepy hallow'],Minor
608,777765388.0,5,0,8,90,33,11,60,120,0,4204,1,['Billie Eilish'],Major
609,412795151.0,3,0,23,7,57,12,45,81,0,1959,1,['Billie Eilish'],Major
610,1138474110.0,9,0,15,18,70,47,78,150,0,7191,1,['Masked Wolf'],Minor
611,355219175.0,10,0,13,10,84,58,76,105,0,2012,2,"['Anuel Aa', 'Jhay Cortez']",Major
612,290228626.0,4,0,6,38,67,76,63,79,2,1211,1,['NIKI'],Major
613,1062956628.0,3,0,11,51,61,7,52,146,2,7109,1,['Bruno Mars'],Minor
614,1180094974.0,5,0,9,79,37,8,64,124,0,6638,1,['Tate McRae'],Major
615,1456081449.0,4,0,24,2,85,66,53,126,8,17354,1,['Avicii'],Major
616,432702334.0,5,0,11,2,74,53,75,121,0,6392,1,['The Weeknd'],Major
617,489945871.0,14,0,32,0,60,33,80,136,0,5481,3,"['Drake', 'Future', 'Young Thug']",Minor
618,465959382.0,5,0,11,58,63,26,77,102,3,2636,1,['Rauw Alejandro'],Minor
619,1223481149.0,23,0,41,23,74,54,73,77,0,824,3,"['Imagine Dragons', 'League of Legends', 'Arcane']",Major
620,2864791672.0,10,0,18,69,59,54,82,98,0,24529,1,['Tones and I'],Minor
621,2288695111.0,24,0,33,38,48,22,44,84,0,14749,1,['Juice WRLD'],Minor
622,720825549.0,11,0,17,3,82,77,89,102,0,8087,2,"['J Balvin', 'Maria Becerra']",Major
623,2086124197.0,3,0,13,92,26,33,42,120,0,27221,1,['John Legend'],Major
624,1690192927.0,7,0,11,0,91,73,52,117,9,49991,1,['Nirvana'],Major
625,991336132.0,4,0,14,82,33,27,45,72,0,6646,1,['Duncan Laurence'],Minor
626,593917618.0,26,0,22,5,47,29,67,168,6,5403,2,"['Drake', 'Travis Scott']",Major
627,200972675.0,8,0,33,13,69,68,52,94,4,755,2,"['Tini', 'L-Gante']",Major
628,71014967.0,5,0,26,0,88,65,41,145,0,254,1,['SiM'],Major
629,560222750.0,33,0,23,1,61,14,71,134,5,6308,2,"['Kendrick Lamar', 'Baby Keem']",Major
630,1806617704.0,8,0,10,0,93,24,35,148,15,51979,1,['The Killers'],Major
631,77337771.0,6,0,60,9,89,40,60,127,0,246,1,['ENHYPEN'],Minor
632,528544703.0,16,0,8,11,66,79,74,172,0,6556,3,"['J Balvin', 'Nio Garcia', 'Bad Bunny']",Minor
633,865640097.0,8,4,34,21,46,19,75,90,0,5728,1,['Doja Cat'],Major
634,2159346687.0,3,0,26,38,40,30,57,96,12,16636,2,"['Lady Gaga', 'Bradley Cooper']",Major
635,211372494.0,4,0,36,46,67,65,74,138,0,461,1,['ENHYPEN'],Minor
636,651732901.0,4,0,13,0,72,67,72,120,4,4893,2,"['Marshmello', 'Jonas Brothers']",Major
637,608334048.0,4,0,34,1,74,65,70,125,2,1801,1,['BTS'],Major
638,863756573.0,13,0,30,1,86,80,82,123,0,12043,4,"['Riton', 'Nightcrawlers', 'Mufasa & Hypeman', 'Dopamine']",Major
639,797402345.0,24,0,13,41,54,44,79,81,0,4731,1,['Polo G'],Major
640,1695712020.0,20,0,8,7,85,10,55,171,0,22923,2,"['Eminem', 'Nate Dogg']",Major
641,1759567999.0,5,0,8,84,32,60,77,91,2,9974,1,['Maroon 5'],Major
642,223319934.0,11,0,14,10,76,61,56,84,0,1560,8,"['Arcangel', 'De La Ghetto', 'Justin Quiles', 'Lenny Tav��rez', 'Sech', 'Dalex', 'Dimelo Flow', 'Rich Music']",Minor
643,54937991.0,28,0,13,16,54,74,90,115,0,620,2,"['Gunna', 'Lil Baby']",Minor
644,226897599.0,3,0,49,4,89,70,69,125,0,3270,2,"['Katy Perry', 'Alesso']",Major
645,258316038.0,7,0,13,28,69,62,80,122,0,580,2,"['Mar��lia Mendon��a', 'Maiara &']",Minor
646,596152090.0,7,0,29,16,54,92,85,92,16,3406,2,"['Tini', 'Maria Becerra']",Major
647,177129919.0,8,0,11,17,75,75,63,90,0,903,3,"['Anuel Aa', 'Myke Towers', 'Jhay Cortez']",Minor
648,716591492.0,8,0,14,9,70,90,84,94,28,6809,2,"['Karol G', 'Becky G']",Minor
649,1210599487.0,24,0,6,18,78,53,81,93,0,33966,2,"['Dr. Dre', 'Snoop Dogg']",Major
650,246376690.0,7,0,10,30,76,50,51,130,5,590,1,['Jung Kook'],Minor
651,496311364.0,6,0,19,23,61,23,35,180,0,3766,1,['Dove Cameron'],Minor
652,146789379.0,3,0,28,92,31,31,53,134,0,1430,2,"['Ed Sheeran', 'Taylor Swift']",Major
653,843309044.0,25,0,8,3,89,31,92,95,0,31762,2,"['Dr. Dre', 'Snoop Dogg']",Minor
654,500340342.0,31,0,9,11,63,91,69,184,0,4049,1,['Charlie Puth'],Major
655,107255472.0,38,0,32,10,80,50,47,147,0,2096,3,"['Kanye West', 'Alicia Keys', 'Fivio Foreign']",Minor
656,135079152.0,3,0,26,40,60,44,52,123,0,1175,2,"['Mahmood', 'Blanco']",Major
657,822239726.0,22,0,17,3,61,49,91,123,11,29499,1,['Frank Ocean'],Minor
658,1202722675.0,37,0,7,26,71,79,90,90,7,30427,1,['50 Cent'],Minor
659,343197054.0,4,0,12,1,64,65,61,160,0,2711,1,['Tate McRae'],Minor
660,240769997.0,4,0,48,8,71,37,60,115,0,4310,1,['Yung Lean'],Major
661,426204830.0,9,0,34,2,67,17,37,141,0,5342,2,"['Labrinth', 'Zendaya']",Major
662,421135627.0,8,0,8,7,88,30,31,160,0,2393,1,['The Rare Occasions'],Major
663,554875730.0,4,6,15,4,66,23,57,145,7,3444,1,['Labrinth'],Major
664,467727006.0,22,8,8,23,43,43,46,89,0,5443,1,['Labrinth'],Minor
665,327498031.0,8,0,15,8,72,49,84,95,4,272,3,"['Intense', 'AP Dhillon', 'Gurinder Gill']",Minor
666,185408548.0,4,0,38,3,62,47,60,160,0,975,1,['Juice WRLD'],Major
667,245400167.0,30,0,7,44,75,74,67,174,1,1034,6,"['Quevedo', 'La Pantera', 'Juseph', 'Cruz Cafun��', 'B��jo', 'Abhir Hathi']",Minor
668,579395142.0,4,0,38,3,84,76,77,92,0,18773,3,"['Dr. Dre', '2Pac', 'Roger']",Major
669,675039469.0,8,0,17,9,74,61,93,134,0,19067,2,"['Eminem', 'Dr. Dre']",Major
670,252871192.0,17,0,28,1,86,4,31,172,2,3541,2,"['Luude', 'Colin Hay']",Minor
671,231996128.0,13,0,8,6,62,92,76,80,0,1492,1,['Ryan Castro'],Major
672,1929770265.0,12,0,9,0,60,42,91,150,1,33206,1,['Kendrick Lamar'],Minor
673,918915401.0,21,0,45,4,74,53,78,80,0,17115,2,"['Eminem', 'Dido']",Minor
674,1180896317.0,34,0,29,14,75,83,81,166,0,6955,2,"['GODZZ__-', 'Zakaria']",Minor
675,498960285.0,4,0,8,27,54,8,67,120,0,2742,1,['Chase Atlantic'],Major
676,685071800.0,6,0,11,17,79,89,86,92,11,4214,1,['Bad Bunny'],Major
677,258714692.0,9,0,26,30,52,61,74,85,0,2026,1,['Em Beihold'],Minor
678,143139338.0,7,0,9,66,52,86,79,154,0,352,2,"['Mainstreet', 'Chefin']",Minor
679,209768491.0,6,0,14,28,74,37,73,92,0,1517,2,"['Alvaro Diaz', 'Rauw Alejandro']",Minor
680,64714573.0,5,0,13,6,70,75,89,140,0,847,2,"['Nicki Minaj', 'Lil Baby']",Major
681,50746620.0,40,0,10,11,60,60,65,89,0,910,1,['Future'],Major
682,154119539.0,5,0,8,16,86,89,89,135,0,601,1,['Z�� Fe'],Minor
683,181328253.0,18,0,11,60,53,66,51,140,0,1800,1,['Muni Long'],Minor
684,370068639.0,3,91,9,8,76,44,47,82,0,1930,1,['Vundabar'],Major
685,2280566092.0,3,0,18,47,45,58,78,79,0,33032,1,['Ed Sheeran'],Major
686,563902868.0,12,27,21,47,63,31,31,88,0,6332,1,['Labrinth'],Major
687,317622165.0,4,0,12,70,38,18,44,139,9,509,1,['V'],Major
688,291709698.0,7,0,90,55,83,68,73,124,2,971,2,"['Mar��lia Mendon��a', 'Hugo & G']",Minor
689,203680270.0,21,0,9,73,55,45,39,80,0,2578,1,['Labrinth'],Minor
690,81350745.0,40,0,12,47,51,54,84,120,0,1064,2,"['Nicki Minaj', 'Lil Baby']",Minor
691,282883169.0,3,72,11,92,46,19,56,80,0,3618,1,['Labrinth'],Minor
692,64787943.0,24,0,24,11,86,62,92,117,0,1040,2,"['Eminem', 'Dr. Dre']",Major
693,2484812918.0,3,0,8,4,52,77,76,117,2,15010,2,"['Shawn Mendes', 'Camila Cabello']",Minor
694,461437791.0,11,0,67,10,73,46,62,140,0,4708,1,['Tyler - The Creator'],Minor
695,1439191367.0,5,0,10,2,77,57,68,99,1,13454,1,['Harry Styles'],Major
696,759208783.0,5,0,8,3,87,59,74,93,20,4890,2,"['Daddy Yankee', 'Bad Bunny']",Major
697,368646862.0,3,42,11,74,20,8,44,106,0,9514,1,['Nirvana'],Major
698,299634472.0,22,0,10,17,63,68,81,124,0,3501,2,"['Dua Lipa', 'Megan Thee Stallion']",Major
699,756907987.0,4,0,33,18,70,96,76,95,4,6111,2,"['Camila Cabello', 'Ed Sheeran']",Major
700,682475162.0,8,0,5,10,53,82,87,96,32,5415,1,['Cris Mj'],Minor
701,546191065.0,8,0,9,15,73,40,81,92,2,4673,1,['Anitta'],Minor
702,229473310.0,28,0,10,35,37,36,95,124,3,1856,1,['Dave'],Major
703,202677468.0,4,9,12,70,44,76,64,72,2,200,1,['Tulus'],Major
704,121913181.0,3,0,30,19,20,26,28,71,0,1888,1,['Labrinth'],Minor
705,208166039.0,8,0,10,4,57,55,78,135,2,911,2,"['Mc Pedrinho', 'Pedro Sampaio']",Minor
706,527033089.0,24,0,5,4,70,56,81,95,2,2954,1,['Zion & Lennox'],Major
707,94616487.0,40,0,11,56,74,70,59,71,0,461,2,"['Residente', 'Bizarrap']",Minor
708,394030335.0,37,0,10,6,68,71,80,180,2,2844,1,['Ryan Castro'],Minor
709,193443895.0,9,0,12,0,58,11,65,150,0,2939,1,['Jack Harlow'],Minor
710,299648208.0,4,0,7,40,44,86,55,189,11,695,1,['Eden Mu��'],Major
711,182978249.0,4,0,7,49,64,55,72,85,0,328,1,['Treasure'],Major
712,319757142.0,3,0,34,44,45,73,59,140,16,866,1,['Christian Nodal'],Major
713,109091573.0,20,0,17,6,70,68,77,81,0,1550,2,"['Kevin Gates', 'Juicy J']",Major
714,153240879.0,4,0,9,2,65,24,80,104,0,1729,2,"['Tyga', 'Doja Cat']",Minor
715,346127840.0,6,0,8,62,44,33,42,129,0,2005,1,['JVKE'],Major
716,312622938.0,4,0,25,20,80,81,76,94,0,1188,1,['Bad Bunny'],Minor
717,2197010679.0,5,0,30,27,40,23,41,71,3,40112,1,['Queen'],Minor
718,1200808494.0,6,0,15,66,46,23,59,146,0,3659,1,['XXXTENTACION'],Minor
719,797196073.0,8,0,29,5,88,90,69,103,0,9833,1,['Dua Lipa'],Minor
720,1970673297.0,5,0,16,0,78,66,53,124,34,50887,1,['Avicii'],Major
721,665765558.0,13,0,7,24,58,71,70,164,0,3257,1,['Olivia Rodrigo'],Minor
722,263779030.0,9,0,10,12,57,35,69,138,0,1473,1,['YEAT'],Major
723,339473453.0,39,0,10,13,46,37,67,126,0,2226,1,['C. Tangana'],Minor
724,2204080728.0,4,0,17,3,65,47,61,103,21,23375,2,"['The Chainsmokers', 'Coldplay']",Minor
725,2591224264.0,3,0,11,41,52,64,75,95,0,28032,2,"['The Chainsmokers', 'Halsey']",Major
726,135444283.0,29,0,6,4,77,28,39,200,0,290,1,['NMIXX'],Minor
727,1457139296.0,4,0,10,54,52,75,86,129,0,42798,2,"['Gotye', 'Kimbra']",Major
728,236872197.0,14,0,36,38,43,33,68,98,0,2605,2,"['AnnenMayKantereit', 'Giant Rooks']",Minor
729,694525298.0,10,0,11,3,56,32,91,107,0,8737,1,['Jack Harlow'],Major
730,240661097.0,4,0,7,5,83,56,58,174,0,1105,1,['Paulo Londra'],Major
731,421365166.0,14,0,13,32,67,27,45,92,21,2499,1,['Danny Ocean'],Major
732,349746291.0,5,0,11,9,83,59,81,90,1,2697,2,"['Daddy Yankee', 'Bad Bunny']",Major
733,255120451.0,4,0,58,2,69,58,60,147,0,2092,1,['Shawn Mendes'],Major
734,190981339.0,12,0,10,16,55,41,68,143,0,1185,1,['Lil Tjay'],Major
735,924193303.0,3,0,10,3,71,63,76,101,0,11985,1,['Willow'],Minor
736,305771063.0,4,0,33,0,71,54,70,118,8,753,1,['IVE'],Minor
737,273005485.0,6,0,16,14,74,63,83,98,0,2995,3,"['Feid', 'Alejo', 'Robi']",Minor
738,89566512.0,6,0,9,24,46,22,72,138,0,225,1,['Paulo Londra'],Minor
739,677389855.0,4,0,8,1,62,30,59,114,0,9243,1,['Demi Lovato'],Minor
740,75476209.0,8,0,9,34,64,45,63,180,0,918,2,"['Camila Cabello', 'Willow']",Minor
741,408843328.0,3,0,13,1,57,41,56,145,9,1959,1,['Troye Sivan'],Major
742,187772591.0,4,0,7,1,64,63,78,115,4,540,3,"['Matu��', 'Wiu', '']",Minor
743,178512385.0,23,0,21,13,84,48,79,82,0,859,3,"['De La Ghetto', 'Duki', 'Quevedo']",Major
744,101780047.0,34,0,10,2,61,22,70,166,0,1116,1,['Lil Baby'],Major
745,118381354.0,16,0,60,29,79,91,86,92,2,273,3,"['Ak4:20', 'Cris Mj', 'Pailita']",Major
746,146363130.0,6,0,11,74,44,55,71,108,2,686,1,['Charlie Puth'],Major
747,126443991.0,3,0,11,45,45,63,71,84,0,226,1,['Yahritza Y Su Esencia'],Minor
748,157990698.0,4,0,35,6,91,90,69,95,0,1264,1,['Daddy Yankee'],Minor
749,176290831.0,27,0,13,25,45,77,93,135,0,870,4,"['Lu��sa Sonza', 'MC Frog', 'Dj Gabriel do Borel', 'Davi K']",Minor
750,1023187129.0,3,0,9,84,27,6,57,110,0,7556,1,['Harry Styles'],Major
751,106933107.0,7,0,19,5,64,59,89,88,0,1370,2,"['Ed Sheeran', 'J Balvin']",Major
752,139193812.0,10,0,10,12,50,28,87,119,2,315,1,['teto'],Minor
753,212234990.0,41,0,7,15,80,71,58,120,0,651,1,['Stray Kids'],Major
754,1714490998.0,6,0,9,36,80,97,86,122,0,12382,1,['Shawn Mendes'],Major
755,197643795.0,8,0,27,41,75,83,78,98,0,625,2,"['Blackbear', 'BoyWithUke']",Major
756,807015863.0,6,0,13,21,84,25,45,140,1,8429,1,['Harry Styles'],Minor
757,933815613.0,4,0,10,4,81,87,79,116,0,52898,3,"['Pharrell Williams', 'Nile Rodgers', 'Daft Punk']",Minor
758,499710590.0,21,0,35,51,49,62,86,124,0,3436,1,['Doja Cat'],Major
759,120847157.0,15,0,9,13,72,73,91,105,0,918,6,"['Jordan Fisher', 'Josh Levi', ""Finneas O'Connell"", '4*TOWN (From Disney and Pixar���s Turning Red)', 'Topher Ngo', 'Grayson Vill']",Minor
760,53909146.0,3,0,6,44,58,24,68,118,0,181,1,['BIGBANG'],Major
761,2236667932.0,5,0,10,61,38,20,61,108,3,18778,1,['Ed Sheeran'],Major
762,2123309722.0,44,0,28,84,38,53,61,100,5,22730,1,['Justin Bieber'],Major
763,301242089.0,14,0,12,38,66,39,81,140,0,5542,1,['Kendrick Lamar'],Minor
764,723894473.0,7,0,34,10,74,72,84,109,0,9021,1,['Lizzo'],Minor
765,237351106.0,27,0,17,36,74,40,78,101,0,4627,3,"['Kendrick Lamar', 'Blxst', 'Amanda Reifer']",Minor
766,461558540.0,31,0,18,36,90,61,56,78,0,2229,1,['Bad Bunny'],Major
767,417230415.0,5,0,12,31,55,22,79,93,6,1112,1,['Bad Bunny'],Minor
768,156898322.0,43,0,17,24,83,32,52,87,0,2575,1,['Kendrick Lamar'],Major
769,127309180.0,35,0,11,19,78,50,55,153,0,3107,2,"['Kendrick Lamar', 'Sampha']",Minor
770,313113297.0,5,0,17,28,59,93,87,142,0,1179,1,['Bad Bunny'],Major
771,173702135.0,21,0,12,39,43,41,85,96,0,3486,1,['Kendrick Lamar'],Minor
772,271666301.0,33,0,11,4,78,39,50,125,0,2942,2,"['Post Malone', 'Roddy Ricch']",Major
773,305650299.0,5,0,9,23,65,43,71,85,0,1443,1,['Bad Bunny'],Major
774,123216717.0,9,0,14,46,57,78,92,140,0,3028,2,"['Kendrick Lamar', 'Kodak Black']",Minor
775,479655659.0,20,0,22,23,79,58,66,196,8,1796,2,"['Tony Dize', 'Bad Bunny']",Minor
776,126191104.0,9,0,14,69,43,51,78,134,0,2729,1,['Kendrick Lamar'],Major
777,344055883.0,38,0,10,76,62,45,80,103,0,1195,2,"['Buscabulla', 'Bad Bunny']",Minor
778,338422004.0,5,0,13,12,67,50,82,130,3,892,1,['Bad Bunny'],Major
779,68895644.0,36,0,8,31,69,52,65,108,0,1635,2,"['Kendrick Lamar', 'Taylour Paige']",Major
780,86176890.0,46,0,32,53,71,66,61,123,0,2291,3,"['Kendrick Lamar', 'Sam Dew', 'Baby Keem']",Major
781,403231558.0,6,0,18,21,69,74,84,152,28,1029,1,['Bad Bunny'],Major
782,319546754.0,4,0,7,59,60,55,78,108,7,1681,2,"['Bad Bunny', 'The Mar��']",Major
783,61739839.0,36,0,8,76,47,56,56,72,0,1480,1,['Kendrick Lamar'],Minor
784,283359161.0,7,0,35,42,65,67,86,121,0,829,1,['Bad Bunny'],Minor
785,76831876.0,29,0,15,19,82,71,57,138,0,2308,3,"['Kendrick Lamar', 'Ghostface Killah', 'Summer Walker']",Minor
786,283332261.0,6,0,12,69,50,41,50,188,1,1004,1,['Bad Bunny'],Minor
787,307752576.0,21,0,11,23,85,26,80,110,0,1367,2,"['Polima WestCoast', 'Pailita']",Major
788,279737940.0,8,0,47,19,79,77,81,105,3,1112,1,['Bad Bunny'],Major
789,212351890.0,31,0,9,5,70,60,63,118,0,1209,1,['Bad Bunny'],Major
790,1304313953.0,31,0,24,60,62,24,61,176,15,9539,2,"['Bad Bunny', 'Tainy']",Major
791,150500965.0,8,10,11,0,65,41,83,158,0,1992,1,['Jack Harlow'],Major
792,246127838.0,12,0,49,9,58,72,85,115,0,897,1,['Bad Bunny'],Minor
793,582863434.0,3,0,5,0,82,48,51,110,0,2948,1,['Panic! At The Disco'],Minor
794,58687425.0,32,0,34,30,54,26,73,174,0,1860,2,"['Kendrick Lamar', 'Tanna Leone']",Major
795,212109195.0,9,0,3,3,96,91,91,130,0,802,2,"['PSY', 'Suga']",Major
796,382199619.0,5,0,14,34,54,30,36,78,8,2224,1,['Benson Boone'],Major
797,41210087.0,9,0,9,88,42,74,44,104,0,1103,1,['Kendrick Lamar'],Major
798,231657891.0,6,0,12,0,88,80,64,121,0,2265,1,['M��ne'],Major
799,53729194.0,4,0,12,14,82,32,83,105,0,555,1,['KALUSH'],Major
800,244741137.0,8,0,9,9,66,20,38,81,0,2050,1,['The Kid Laroi'],Major
801,42485571.0,4,0,11,80,24,14,37,170,0,1493,1,['Kendrick Lamar'],Minor
802,37778188.0,38,1,48,76,38,60,43,78,0,1545,1,['Kendrick Lamar'],Major
803,254218729.0,31,0,13,6,66,28,88,125,0,2350,1,['Future'],Major
804,53603447.0,7,0,8,23,65,29,66,92,0,1929,1,['Kendrick Lamar'],Minor
805,160035717.0,9,0,9,31,42,61,84,140,4,710,1,['Luciano'],Minor
806,164163229.0,9,0,10,25,90,32,61,96,0,928,2,"['Bizarrap', 'Paulo Londra']",Major
807,37091576.0,19,0,19,84,43,83,66,118,0,1194,1,['Kendrick Lamar'],Minor
808,284249832.0,4,0,6,7,60,67,71,92,6,349,2,"['Shae Gill', 'Ali Sethi']",Minor
809,33381454.0,35,0,11,87,37,50,49,140,0,1890,2,"['Kendrick Lamar', 'Beth Gibbons']",Minor
810,184622518.0,25,0,11,18,71,45,68,174,2,1308,2,"['Sech', 'Mora']",Major
811,300983101.0,4,0,29,19,78,53,77,127,0,4531,2,"['MNEK', 'Jax Jones']",Major
812,121077868.0,36,0,11,62,52,37,71,96,0,1657,2,"['Ugly Dray', 'Tesla Jnr']",Major
813,106919680.0,6,0,11,13,66,82,82,150,0,1351,2,"['Justin Bieber', 'Don Toliver']",Minor
814,136996305.0,16,0,13,1,60,46,87,100,0,608,1,['Jessi'],Major
815,65719930.0,6,0,9,13,81,59,73,105,0,1211,1,['Chanel'],Minor
816,229497852.0,14,0,13,5,62,43,86,104,0,629,1,['LE SSERAFIM'],Major
817,185550869.0,5,0,17,1,79,45,54,154,0,1301,1,['Leah Kate'],Major
818,54682594.0,5,0,10,18,83,33,47,80,0,1329,1,['Sam Ryder'],Major
819,240580042.0,3,0,13,64,43,14,53,150,2,343,2,"['HA SUNG WOON', 'Jimin']",Major
820,1284942608.0,4,0,9,0,72,49,32,156,9,13101,1,['The Goo Goo Dolls'],Minor
821,71423324.0,34,0,6,18,81,79,76,98,0,2939,1,['Kendrick Lamar'],Minor
822,244891912.0,3,0,9,86,36,27,58,92,1,407,1,['Kevin Kaarl'],Major
823,132171975.0,4,0,7,32,50,7,47,144,0,1492,1,['Taylor Swift'],Major
824,184706613.0,3,0,13,8,56,27,37,150,0,2264,1,['Suki Waterhouse'],Major
825,184826429.0,39,0,9,84,44,31,70,138,0,801,1,['Lauren Spencer Smith'],Major
826,302006641.0,19,0,33,4,89,68,56,172,0,829,1,['BTS'],Major
827,330881149.0,17,0,4,2,82,70,72,77,0,736,1,['BTS'],Major
828,334733572.0,4,6,11,26,72,36,72,107,1,4449,1,['Harry Styles'],Major
829,366214458.0,4,0,10,90,29,39,51,114,3,3218,1,['Harry Styles'],Major
830,114546317.0,4,0,25,43,51,29,63,117,0,327,1,['BTS'],Major
831,290833204.0,4,0,18,48,45,63,69,146,0,2775,1,['Harry Styles'],Major
832,448500832.0,26,0,14,8,60,74,80,160,0,4576,1,['Doja Cat'],Minor
833,136676504.0,6,0,8,1,56,15,88,120,0,2313,3,"['Pharrell Williams', 'Tyler - The Creator', '21 Savage']",Major
834,190625045.0,5,0,8,16,70,76,82,100,0,3983,3,"['Calvin Harris', 'Dua Lipa', 'Young Thug']",Minor
835,79095270.0,11,0,24,4,84,68,60,158,0,279,1,['BTS'],Minor
836,273194684.0,4,0,10,72,54,40,56,142,0,2302,1,['Harry Styles'],Major
837,333146475.0,14,0,17,11,85,77,80,170,3,3559,4,"['Nengo Flow', 'Anuel Aa', 'Chris Jedi', 'Chencho Corleone']",Minor
838,194902696.0,25,0,51,2,86,39,71,84,0,2129,2,"['Kanye West', 'XXXTENTACION']",Minor
839,311482393.0,3,0,9,14,46,30,58,139,5,3291,1,['Harry Styles'],Major
840,195918494.0,5,0,32,20,67,88,73,151,0,5328,1,['Musical Youth'],Major
841,248511839.0,6,0,63,6,75,42,82,128,0,1401,2,"['Bizarrap', 'Villano Antillano']",Minor
842,233671263.0,5,0,6,67,54,20,56,118,0,1933,1,['Harry Styles'],Major
843,199587884.0,3,14,20,36,72,88,65,183,0,1986,1,['Harry Styles'],Major
844,91781263.0,4,0,18,4,62,29,63,83,0,1057,1,['Halsey'],Minor
845,383835984.0,14,0,17,6,80,42,85,122,13,5115,2,"['BYOR', 'Imanbek']",Major
846,236060709.0,23,0,18,32,48,90,72,165,1,2094,1,['Harry Styles'],Major
847,189236868.0,4,5,9,35,64,90,83,106,0,2171,1,['Harry Styles'],Minor
848,160845341.0,34,0,11,83,58,68,81,77,0,896,2,"['Sleepy hallow', '347aidan']",Major
849,588955257.0,8,0,33,10,89,30,57,91,0,5148,1,['Paloma Faith'],Major
850,238350348.0,3,0,41,5,63,21,51,148,0,2528,1,['Lady Gaga'],Major
851,187703102.0,3,2,13,31,81,90,71,114,1,1900,1,['Harry Styles'],Minor
852,295307001.0,5,1,10,12,77,63,91,120,2,3879,2,"['Marshmello', 'Khalid']",Minor
853,138334433.0,5,0,9,10,82,56,83,92,0,896,2,"['Ozuna', 'Tiago pzk']",Major
854,445590495.0,3,3,7,1,45,25,56,118,0,8775,1,['Childish Gambino'],Major
855,286739476.0,4,0,16,3,71,46,60,123,0,5290,3,"['David Guetta', 'Ella Henderson', 'Becky Hill']",Minor
856,1122364376.0,3,1,19,54,48,28,52,89,0,10211,1,['Joji'],Major
857,157136970.0,11,0,12,49,93,61,81,110,8,584,1,['Duki'],Minor
858,137070925.0,4,0,11,94,20,32,42,118,0,1517,1,['Harry Styles'],Major
859,183273246.0,20,0,11,21,76,54,68,90,4,246,1,['Sidhu Moose Wala'],Minor
860,184807630.0,3,0,11,82,40,14,49,130,4,220,1,['Keisya Levronka'],Major
861,164856284.0,4,0,10,47,62,97,70,154,0,514,1,['Victor Cibrian'],Minor
862,704171068.0,4,44,20,0,83,59,54,105,0,6080,1,['Metallica'],Minor
863,354614964.0,8,0,26,4,88,87,70,115,0,9724,1,['Beyonc�'],Minor
864,279717388.0,8,0,6,8,82,59,91,110,0,2341,5,"['De La Ghetto', 'Feid', 'Polima WestCoast', 'Paloma Mami', 'Pailita']",Major
865,195628667.0,6,2,15,12,68,5,51,125,0,5263,1,['Drake'],Minor
866,221752937.0,8,0,34,0,75,62,73,102,0,2402,1,['Yung Gravy'],Major
867,263280370.0,4,0,14,4,65,72,81,120,11,795,1,['Lasso'],Minor
868,213505179.0,5,0,3,4,86,36,80,97,0,571,1,['Nayeon'],Major
869,130419412.0,7,0,44,0,92,41,44,140,3,832,2,"['Sch��rze', 'DJ R']",Minor
870,155795783.0,4,0,11,1,72,31,78,97,0,565,1,['j-hope'],Major
871,1553497987.0,5,11,10,9,90,67,45,125,1,41231,1,"[""Guns N' Roses""]",Major
872,293466523.0,9,0,8,13,56,55,80,88,12,4526,1,['Burna Boy'],Minor
873,711366595.0,7,0,45,11,64,52,56,170,0,1818,1,['Rosa Linn'],Major
874,191448892.0,14,0,9,9,49,8,88,137,0,2814,1,['Drake'],Minor
875,85924992.0,23,0,8,0,69,52,88,157,0,1601,3,"['Kanye West', 'Lil Durk', 'Cardi B']",Major
876,176103902.0,25,0,10,54,57,83,95,130,4,894,3,"['L7nnon', 'DJ Biel do Furduncinho', 'Bianca']",Major
877,121189256.0,11,0,8,10,83,80,85,90,0,945,3,"['Anitta', 'Tini', 'Becky G']",Major
878,131746175.0,13,0,12,7,67,44,44,183,0,767,1,['Nessa Barrett'],Minor
879,244790012.0,11,0,27,2,91,68,58,128,5,5898,1,['LF System'],Major
880,129314708.0,45,0,7,46,40,78,71,130,2,685,3,"['Mc Vitin Da Igrejinha', 'MC Tairon', 'DJ Win']",Minor
881,331511413.0,23,0,12,24,43,56,63,126,35,1452,1,['Rels B'],Major
882,219196651.0,12,0,23,2,87,94,77,120,0,1456,3,"['Snoop Dogg', 'BTS', 'Benny Blanco']",Major
883,170732845.0,8,0,28,7,46,18,72,130,0,2107,3,"['Drake', 'DJ Khaled', 'Lil Baby']",Minor
884,273914335.0,45,0,9,30,76,46,70,122,2,1494,1,['Luar La L'],Major
885,179061440.0,8,0,13,15,58,46,74,172,4,1379,1,['Feid'],Minor
886,185236961.0,40,0,23,14,62,38,61,103,4,625,1,['Duki'],Major
887,171788484.0,10,0,17,0,64,46,55,122,0,2688,1,['Beyonc�'],Minor
888,387080183.0,4,0,10,0,90,56,47,130,2,2668,1,['Ghost'],Major
889,264717480.0,4,0,8,24,65,70,81,105,12,799,1,['NewJeans'],Minor
890,244928911.0,6,0,9,39,51,73,90,120,6,1189,1,['Rex Orange County'],Major
891,97610446.0,4,0,12,24,53,43,56,145,0,367,1,['Sofia Carson'],Major
892,287278853.0,14,0,11,28,59,64,79,99,4,527,2,"['Grupo Marca Registrada', 'Junior H']",Minor
893,887906111.0,14,0,25,5,65,66,79,88,34,17504,1,['Kanye West'],Minor
894,123473120.0,4,0,29,28,73,90,81,126,0,3113,4,"['Calvin Harris', 'Halsey', 'Pharrell Williams', 'Justin Timberlake']",Major
895,295152154.0,4,1,13,33,75,71,77,136,5,685,2,"['Peso Pluma', 'Luis R Conriquez']",Major
896,323455692.0,12,0,27,55,59,97,70,113,9,782,2,"['Luis R Conriquez', 'La Adictiva']",Major
897,240918092.0,3,0,21,20,88,49,82,132,0,2442,3,"['David Guetta', 'Shakira', 'Black Eyed Peas']",Major
898,191873381.0,8,0,34,47,74,74,77,135,4,1112,3,"['Melody', 'Ana Castela', 'Dj Chris No Beat']",Major
899,284216603.0,11,0,19,11,77,49,67,126,0,4967,2,"['Elton John', 'Britney Spears']",Major
900,239411309.0,4,0,36,30,74,72,67,102,4,2520,1,['Lewis Capaldi'],Minor
901,265548837.0,12,0,9,10,92,80,68,125,12,767,1,['IVE'],Major
902,703301727.0,5,0,9,14,66,28,37,149,7,19806,1,['Kanye West'],Major
903,244585109.0,5,61,15,24,89,71,74,137,6,5153,2,"['Interplanetary Criminal', 'Eliza Rose']",Major
904,189476119.0,12,0,33,14,91,78,77,120,0,615,1,['TWICE'],Minor
905,277132266.0,26,0,9,11,50,75,90,100,0,2537,1,['Armani White'],Major
906,278920007.0,7,0,15,25,57,58,70,164,30,1647,1,['Feid'],Minor
907,222410722.0,7,0,22,31,66,79,65,93,8,2019,1,['Oxlade'],Minor
908,185392587.0,25,0,6,5,80,52,65,180,12,1473,1,['Feid'],Minor
909,202452860.0,7,63,10,43,31,22,34,79,0,1613,1,['Steve Lacy'],Major
910,1608164312.0,2,0,11,73,44,21,56,146,6,30992,1,['Coldplay'],Major
911,624101957.0,3,5,10,75,27,17,37,103,4,10826,1,['Coldplay'],Major
912,148461629.0,23,0,54,8,76,26,70,140,0,920,1,['YEAT'],Minor
913,47093942.0,7,0,15,13,70,48,81,92,0,308,2,"['Yandel', 'Feid']",Major
914,380319238.0,4,0,19,11,60,4,64,102,0,2468,1,['PnB Rock'],Minor
915,209106362.0,4,1,11,33,85,75,82,118,2,1097,2,"['Ovy On The Drums', 'Quevedo']",Minor
916,53987404.0,6,0,15,6,62,75,78,93,0,330,1,['Feid'],Major
917,115331792.0,5,83,11,14,56,26,70,150,0,1584,1,['Lil Yachty'],Minor
918,225093344.0,3,0,8,0,60,24,52,130,5,1585,1,['M��ne'],Major
919,84697729.0,4,0,51,6,53,24,65,83,0,766,2,"['Marshmello', 'Juice WRLD']",Minor
920,159240673.0,8,0,6,5,75,43,84,102,0,836,4,"['Fran C', 'Polima WestCoast', 'Nickoog Clk', 'Pablito Pesadilla']",Major
921,170709584.0,18,0,48,4,91,65,73,136,6,430,1,['(G)I-DLE'],Minor
922,154356956.0,5,0,19,17,58,24,66,145,0,2020,1,['Southstar'],Major
923,723043854.0,3,18,16,11,37,24,57,130,0,6858,1,['girl in red'],Major
924,247689123.0,11,0,8,9,77,92,72,156,6,3682,1,['Lizzo'],Major
925,176474912.0,4,0,16,5,85,50,57,123,0,1639,1,['Ed Sheeran'],Major
926,235549288.0,10,0,63,7,62,53,92,132,10,452,1,['BLACKPINK'],Major
927,140430339.0,4,0,9,0,74,13,49,125,1,668,2,"['Rosa Walton', 'Hallie Coggins']",Minor
928,85559365.0,46,0,11,0,67,22,74,162,0,991,1,['Lil Baby'],Minor
929,146223492.0,36,0,13,14,81,82,80,138,7,869,3,"['Luciano', 'Aitch', 'B�']",Major
930,187701588.0,44,0,5,12,60,62,59,161,4,648,3,"['MC Ryan SP', 'Love Funk', 'Mc Paiva ZS']",Minor
931,154863153.0,32,0,7,1,55,23,91,131,0,1545,2,"['Drake', '21 Savage']",Minor
932,191333656.0,12,0,35,6,63,45,75,122,0,1930,3,"['Drake', 'Travis Scott', '21 Savage']",Minor
933,253650850.0,39,0,12,17,28,16,80,80,0,1948,1,['Taylor Swift'],Minor
934,223064273.0,17,0,30,20,50,11,75,109,0,1608,1,['Taylor Swift'],Major
935,170413877.0,59,0,39,2,36,33,84,158,0,1338,2,"['Drake', '21 Savage']",Major
936,218320587.0,14,0,9,55,35,12,66,126,0,1936,1,['Taylor Swift'],Major
937,141720999.0,7,0,32,1,61,25,73,104,0,1794,2,"['Drake', '21 Savage']",Major
938,187339835.0,4,22,12,80,31,15,48,110,0,1597,1,['Taylor Swift'],Major
939,198365537.0,5,0,16,1,70,20,77,130,2,1652,2,"['Drake', '21 Savage']",Major
940,186104310.0,5,0,12,97,16,39,34,177,0,1747,1,['Taylor Swift'],Major
941,177503916.0,12,0,15,43,84,55,48,158,0,1715,1,['Taylor Swift'],Major
942,71095708.0,3,33,14,51,44,25,62,114,0,486,2,"['Ludwig Goransson', 'Foudeqush']",Minor
943,112436403.0,20,0,12,0,61,62,93,144,0,1007,2,"['Drake', '21 Savage']",Major
944,203436468.0,3,0,14,0,76,22,54,125,9,481,1,['Jin'],Major
945,93367537.0,32,0,39,4,43,40,85,142,0,1045,1,['Drake'],Minor
946,106249219.0,27,0,25,1,53,11,64,120,0,1060,2,"['Drake', '21 Savage']",Major
947,181382590.0,4,0,8,22,74,55,57,96,0,1274,1,['Taylor Swift'],Major
948,91473363.0,3,0,8,57,39,24,60,144,0,953,1,['Selena Gomez'],Major
949,121871870.0,6,1,12,83,24,7,42,166,0,1180,1,['Taylor Swift'],Major
950,73513683.0,6,0,8,4,67,81,80,92,0,573,2,"['Feid', 'Paulo Londra']",Major
951,133895612.0,5,0,12,8,77,67,82,97,0,1320,3,"['Feid', 'Sech', 'Jhayco']",Major
952,96007391.0,5,0,11,15,67,32,61,90,2,782,1,['Burna Boy'],Minor
